ID	TCGA-CD-A48C-01A	TCGA-CD-5800-01A	TCGA-CG-4438-01A	TCGA-CG-5718-01A
C1orf86	0.137254902	NA	NA	NA
CLCN6	0.507246377	NA	NA	NA
PRAMEF18	0.262672811	NA	NA	NA
CELA2B	0.067164179	NA	NA	NA
PADI2	0.294117647	NA	NA	NA
ZBTB40	0.432432432	NA	NA	NA
TRIM63	0.224719101	NA	NA	NA
FPGT-TNNI3K	0.202898551	NA	NA	NA
GJA8	0.300546448	NA	NA	NA
NBPF11	0.087209302	NA	NA	NA
TMOD4	0.428571429	NA	NA	NA
LCE1F	0.125	NA	NA	NA
SHC1	0.255813953	NA	NA	NA
CD1C	0.085106383	NA	NA	NA
KCNT2	0.128571429	NA	NA	0.247863248
ESRRG	0.092307692	NA	NA	NA
OR11L1	0.080808081	NA	NA	NA
OR2AK2	0.12195122	NA	NA	NA
OR2T1	0.344	NA	NA	NA
TPO	0.291666667	NA	NA	NA
CDKL4	0.134020619	NA	NA	NA
LRPPRC	0.111111111	NA	NA	NA
NRXN1	0.545454545	NA	NA	NA
ZNF2	0.141176471	NA	NA	NA
CNTNAP5	0.333333333	NA	NA	NA
GYPC	0.266055046	NA	NA	NA
LRP1B	0.228915663	NA	NA	NA
MBD5	0.152173913	NA	NA	NA
FAP	0.196721311	NA	NA	NA
SCN2A	0.327272727	NA	NA	NA
TTN	0.38372093	0.16	NA	NA
ZNF804A	0.324786325	NA	NA	NA
DNAH7	0.166666667	NA	NA	NA
CAPN10	0.137931034	NA	NA	NA
FGD5	0.5	NA	NA	NA
KAT2B	0.581395349	NA	NA	NA
ZNF385D	0.235294118	NA	NA	NA
ARPP21	0.142857143	NA	NA	NA
TRAK1	0.28358209	NA	NA	NA
EPHA3	0.352941176	NA	NA	NA
EPHA6	0.1875	NA	NA	NA
IMPG2	0.58490566	NA	NA	NA
EPHB1	0.086614173	0.128205128	NA	NA
TRPC1	0.18627451	NA	NA	NA
U2SURP	0.52173913	NA	NA	NA
P2RY13	0.102325581	NA	NA	NA
BCHE	0.189189189	NA	NA	NA
MECOM	0.090909091	NA	NA	NA
STK32B	0.233333333	NA	NA	NA
SEL1L3	0.142857143	NA	NA	NA
LIMCH1	0.15	NA	NA	NA
UGT2B10	0.537634409	NA	NA	NA
SHROOM3	0.5	NA	NA	NA
PDHA2	0.185714286	NA	NA	NA
ANK2	0.387755102	NA	NA	NA
PCDH18	0.652173913	NA	NA	NA
TRIML2	0.139534884	NA	NA	NA
6-Mar	0.142857143	NA	NA	NA
DNAH5	0.174757282	NA	NA	NA
PARP8	0.242424242	NA	NA	NA
MAP1B	0.615384615	NA	NA	NA
ADAMTS19	0.086419753	NA	NA	NA
RREB1	0.193548387	NA	NA	NA
COL11A2	0.529411765	NA	NA	NA
DAAM2	0.291666667	NA	NA	NA
KHDRBS2	0.194444444	NA	NA	NA
COL12A1	0.25	NA	NA	NA
ARHGAP18	0.282352941	NA	NA	NA
AKAP12	0.108695652	NA	NA	NA
BRAT1	0.328767123	NA	NA	NA
HECW1	0.1	NA	0.107142857	NA
GTF2IRD2	0.75	NA	NA	NA
ABCB4	0.081395349	NA	NA	NA
TRRAP	0.115273775	NA	NA	NA
RASA4	0.37037037	NA	NA	NA
NUP205	0.351648352	NA	NA	NA
CSMD1	0.131578947	NA	NA	NA
PENK	0.272108844	NA	NA	NA
ZFHX4	0.580645161	0.064935065	NA	NA
CNBD1	0.255319149	NA	NA	NA
NBN	0.637254902	NA	NA	NA
CSMD3	0.122807018	NA	NA	NA
MED30	0.096774194	NA	NA	NA
MYC	0.073170732	NA	NA	NA
BNC2	0.255813953	NA	NA	NA
ASTN2	0.586956522	NA	NA	NA
SETX	0.15625	NA	NA	NA
CUBN	0.216216216	NA	NA	NA
RET	0.4	NA	NA	NA
PCDH15	0.447368421	NA	NA	NA
HERC4	0.321428571	NA	NA	NA
POLR3A	0.337349398	NA	NA	NA
GRID1	0.435483871	NA	NA	NA
CPXM2	0.325	NA	NA	NA
OR52N1	0.510204082	NA	NA	NA
ZNF215	0.745098039	NA	NA	NA
OR4C11	0.64556962	NA	NA	NA
C2CD3	0.801886792	NA	NA	NA
PDGFD	0.053333333	NA	NA	NA
