	TCGA-CD-A48C-01A	TCGA-CD-5800-01A
C1orf86:C1orf86	1	NA
C1orf86:CLCN6	1	NA
C1orf86:PRAMEF18	1	NA
C1orf86:CELA2B	1	NA
C1orf86:PADI2	1	NA
C1orf86:ZBTB40	1	NA
C1orf86:TRIM63	1	NA
C1orf86:FPGT-TNNI3K	1	NA
C1orf86:GJA8	1	NA
C1orf86:NBPF11	1	NA
C1orf86:TMOD4	1	NA
C1orf86:LCE1F	1	NA
C1orf86:SHC1	1	NA
C1orf86:CD1C	1	NA
C1orf86:KCNT2	1	NA
C1orf86:ESRRG	1	NA
C1orf86:OR11L1	1	NA
C1orf86:OR2AK2	1	NA
C1orf86:OR2T1	1	NA
C1orf86:TPO	1	NA
C1orf86:CDKL4	1	NA
C1orf86:LRPPRC	1	NA
C1orf86:NRXN1	1	NA
C1orf86:ZNF2	1	NA
C1orf86:CNTNAP5	1	NA
C1orf86:GYPC	1	NA
C1orf86:LRP1B	1	NA
C1orf86:MBD5	1	NA
C1orf86:FAP	1	NA
C1orf86:SCN2A	1	NA
C1orf86:TTN	1	NA
C1orf86:ZNF804A	1	NA
C1orf86:DNAH7	1	NA
C1orf86:CAPN10	1	NA
C1orf86:FGD5	1	NA
C1orf86:KAT2B	1	NA
C1orf86:ZNF385D	1	NA
C1orf86:ARPP21	1	NA
C1orf86:TRAK1	1	NA
C1orf86:EPHA3	1	NA
C1orf86:EPHA6	1	NA
C1orf86:IMPG2	1	NA
C1orf86:EPHB1	1	NA
C1orf86:TRPC1	1	NA
C1orf86:U2SURP	1	NA
C1orf86:P2RY13	1	NA
C1orf86:BCHE	1	NA
C1orf86:MECOM	1	NA
C1orf86:STK32B	1	NA
C1orf86:SEL1L3	1	NA
C1orf86:LIMCH1	1	NA
C1orf86:UGT2B10	1	NA
C1orf86:SHROOM3	1	NA
C1orf86:PDHA2	1	NA
C1orf86:ANK2	1	NA
C1orf86:PCDH18	1	NA
C1orf86:TRIML2	1	NA
C1orf86:6-Mar	1	NA
C1orf86:DNAH5	1	NA
C1orf86:PARP8	1	NA
C1orf86:MAP1B	1	NA
C1orf86:ADAMTS19	1	NA
C1orf86:RREB1	1	NA
C1orf86:COL11A2	1	NA
C1orf86:DAAM2	1	NA
C1orf86:KHDRBS2	1	NA
C1orf86:COL12A1	1	NA
C1orf86:ARHGAP18	1	NA
C1orf86:AKAP12	1	NA
C1orf86:BRAT1	1	NA
C1orf86:HECW1	1	NA
C1orf86:GTF2IRD2	1	NA
C1orf86:ABCB4	1	NA
C1orf86:TRRAP	1	NA
C1orf86:RASA4	1	NA
C1orf86:NUP205	1	NA
C1orf86:CSMD1	1	NA
C1orf86:PENK	1	NA
C1orf86:ZFHX4	1	NA
C1orf86:CNBD1	1	NA
C1orf86:NBN	1	NA
C1orf86:CSMD3	1	NA
C1orf86:MED30	1	NA
C1orf86:MYC	1	NA
C1orf86:BNC2	1	NA
C1orf86:ASTN2	1	NA
C1orf86:SETX	1	NA
C1orf86:CUBN	1	NA
C1orf86:RET	1	NA
C1orf86:PCDH15	1	NA
C1orf86:HERC4	1	NA
C1orf86:POLR3A	1	NA
C1orf86:GRID1	1	NA
C1orf86:CPXM2	1	NA
C1orf86:OR52N1	1	NA
C1orf86:ZNF215	1	NA
C1orf86:OR4C11	1	NA
C1orf86:C2CD3	1	NA
C1orf86:PDGFD	1	NA
CLCN6:CLCN6	1	NA
CLCN6:PRAMEF18	1	NA
CLCN6:CELA2B	1	NA
CLCN6:PADI2	1	NA
CLCN6:ZBTB40	1	NA
CLCN6:TRIM63	1	NA
CLCN6:FPGT-TNNI3K	1	NA
CLCN6:GJA8	1	NA
CLCN6:NBPF11	1	NA
CLCN6:TMOD4	1	NA
CLCN6:LCE1F	1	NA
CLCN6:SHC1	1	NA
CLCN6:CD1C	1	NA
CLCN6:KCNT2	1	NA
CLCN6:ESRRG	1	NA
CLCN6:OR11L1	1	NA
CLCN6:OR2AK2	1	NA
CLCN6:OR2T1	1	NA
CLCN6:TPO	1	NA
CLCN6:CDKL4	1	NA
CLCN6:LRPPRC	1	NA
CLCN6:NRXN1	1	NA
CLCN6:ZNF2	1	NA
CLCN6:CNTNAP5	1	NA
CLCN6:GYPC	1	NA
CLCN6:LRP1B	1	NA
CLCN6:MBD5	1	NA
CLCN6:FAP	1	NA
CLCN6:SCN2A	1	NA
CLCN6:TTN	1	NA
CLCN6:ZNF804A	1	NA
CLCN6:DNAH7	1	NA
CLCN6:CAPN10	1	NA
CLCN6:FGD5	1	NA
CLCN6:KAT2B	1	NA
CLCN6:ZNF385D	1	NA
CLCN6:ARPP21	1	NA
CLCN6:TRAK1	1	NA
CLCN6:EPHA3	1	NA
CLCN6:EPHA6	1	NA
CLCN6:IMPG2	1	NA
CLCN6:EPHB1	1	NA
CLCN6:TRPC1	1	NA
CLCN6:U2SURP	1	NA
CLCN6:P2RY13	1	NA
CLCN6:BCHE	1	NA
CLCN6:MECOM	1	NA
CLCN6:STK32B	1	NA
CLCN6:SEL1L3	1	NA
CLCN6:LIMCH1	1	NA
CLCN6:UGT2B10	1	NA
CLCN6:SHROOM3	1	NA
CLCN6:PDHA2	1	NA
CLCN6:ANK2	1	NA
CLCN6:PCDH18	1	NA
CLCN6:TRIML2	1	NA
CLCN6:6-Mar	1	NA
CLCN6:DNAH5	1	NA
CLCN6:PARP8	1	NA
CLCN6:MAP1B	1	NA
CLCN6:ADAMTS19	1	NA
CLCN6:RREB1	1	NA
CLCN6:COL11A2	1	NA
CLCN6:DAAM2	1	NA
CLCN6:KHDRBS2	1	NA
CLCN6:COL12A1	1	NA
CLCN6:ARHGAP18	1	NA
CLCN6:AKAP12	1	NA
CLCN6:BRAT1	1	NA
CLCN6:HECW1	1	NA
CLCN6:GTF2IRD2	1	NA
CLCN6:ABCB4	1	NA
CLCN6:TRRAP	1	NA
CLCN6:RASA4	1	NA
CLCN6:NUP205	1	NA
CLCN6:CSMD1	1	NA
CLCN6:PENK	1	NA
CLCN6:ZFHX4	1	NA
CLCN6:CNBD1	1	NA
CLCN6:NBN	1	NA
CLCN6:CSMD3	1	NA
CLCN6:MED30	1	NA
CLCN6:MYC	1	NA
CLCN6:BNC2	1	NA
CLCN6:ASTN2	1	NA
CLCN6:SETX	1	NA
CLCN6:CUBN	1	NA
CLCN6:RET	1	NA
CLCN6:PCDH15	1	NA
CLCN6:HERC4	1	NA
CLCN6:POLR3A	1	NA
CLCN6:GRID1	1	NA
CLCN6:CPXM2	1	NA
CLCN6:OR52N1	1	NA
CLCN6:ZNF215	1	NA
CLCN6:OR4C11	1	NA
CLCN6:C2CD3	1	NA
CLCN6:PDGFD	1	NA
PRAMEF18:PRAMEF18	1	NA
PRAMEF18:CELA2B	1	NA
PRAMEF18:PADI2	1	NA
PRAMEF18:ZBTB40	1	NA
PRAMEF18:TRIM63	1	NA
PRAMEF18:FPGT-TNNI3K	1	NA
PRAMEF18:GJA8	1	NA
PRAMEF18:NBPF11	1	NA
PRAMEF18:TMOD4	1	NA
PRAMEF18:LCE1F	1	NA
PRAMEF18:SHC1	1	NA
PRAMEF18:CD1C	1	NA
PRAMEF18:KCNT2	1	NA
PRAMEF18:ESRRG	1	NA
PRAMEF18:OR11L1	1	NA
PRAMEF18:OR2AK2	1	NA
PRAMEF18:OR2T1	1	NA
PRAMEF18:TPO	1	NA
PRAMEF18:CDKL4	1	NA
PRAMEF18:LRPPRC	1	NA
PRAMEF18:NRXN1	1	NA
PRAMEF18:ZNF2	1	NA
PRAMEF18:CNTNAP5	1	NA
PRAMEF18:GYPC	1	NA
PRAMEF18:LRP1B	1	NA
PRAMEF18:MBD5	1	NA
PRAMEF18:FAP	1	NA
PRAMEF18:SCN2A	1	NA
PRAMEF18:TTN	1	NA
PRAMEF18:ZNF804A	1	NA
PRAMEF18:DNAH7	1	NA
PRAMEF18:CAPN10	1	NA
PRAMEF18:FGD5	1	NA
PRAMEF18:KAT2B	1	NA
PRAMEF18:ZNF385D	1	NA
PRAMEF18:ARPP21	1	NA
PRAMEF18:TRAK1	1	NA
PRAMEF18:EPHA3	1	NA
PRAMEF18:EPHA6	1	NA
PRAMEF18:IMPG2	1	NA
PRAMEF18:EPHB1	1	NA
PRAMEF18:TRPC1	1	NA
PRAMEF18:U2SURP	1	NA
PRAMEF18:P2RY13	1	NA
PRAMEF18:BCHE	1	NA
PRAMEF18:MECOM	1	NA
PRAMEF18:STK32B	1	NA
PRAMEF18:SEL1L3	1	NA
PRAMEF18:LIMCH1	1	NA
PRAMEF18:UGT2B10	1	NA
PRAMEF18:SHROOM3	1	NA
PRAMEF18:PDHA2	1	NA
PRAMEF18:ANK2	1	NA
PRAMEF18:PCDH18	1	NA
PRAMEF18:TRIML2	1	NA
PRAMEF18:6-Mar	1	NA
PRAMEF18:DNAH5	1	NA
PRAMEF18:PARP8	1	NA
PRAMEF18:MAP1B	1	NA
PRAMEF18:ADAMTS19	1	NA
PRAMEF18:RREB1	1	NA
PRAMEF18:COL11A2	1	NA
PRAMEF18:DAAM2	1	NA
PRAMEF18:KHDRBS2	1	NA
PRAMEF18:COL12A1	1	NA
PRAMEF18:ARHGAP18	1	NA
PRAMEF18:AKAP12	1	NA
PRAMEF18:BRAT1	1	NA
PRAMEF18:HECW1	1	NA
PRAMEF18:GTF2IRD2	1	NA
PRAMEF18:ABCB4	1	NA
PRAMEF18:TRRAP	1	NA
PRAMEF18:RASA4	1	NA
PRAMEF18:NUP205	1	NA
PRAMEF18:CSMD1	1	NA
PRAMEF18:PENK	1	NA
PRAMEF18:ZFHX4	1	NA
PRAMEF18:CNBD1	1	NA
PRAMEF18:NBN	1	NA
PRAMEF18:CSMD3	1	NA
PRAMEF18:MED30	1	NA
PRAMEF18:MYC	1	NA
PRAMEF18:BNC2	1	NA
PRAMEF18:ASTN2	1	NA
PRAMEF18:SETX	1	NA
PRAMEF18:CUBN	1	NA
PRAMEF18:RET	1	NA
PRAMEF18:PCDH15	1	NA
PRAMEF18:HERC4	1	NA
PRAMEF18:POLR3A	1	NA
PRAMEF18:GRID1	1	NA
PRAMEF18:CPXM2	1	NA
PRAMEF18:OR52N1	1	NA
PRAMEF18:ZNF215	1	NA
PRAMEF18:OR4C11	1	NA
PRAMEF18:C2CD3	1	NA
PRAMEF18:PDGFD	1	NA
CELA2B:CELA2B	1	NA
CELA2B:PADI2	1	NA
CELA2B:ZBTB40	1	NA
CELA2B:TRIM63	1	NA
CELA2B:FPGT-TNNI3K	1	NA
CELA2B:GJA8	1	NA
CELA2B:NBPF11	1	NA
CELA2B:TMOD4	1	NA
CELA2B:LCE1F	1	NA
CELA2B:SHC1	1	NA
CELA2B:CD1C	1	NA
CELA2B:KCNT2	1	NA
CELA2B:ESRRG	1	NA
CELA2B:OR11L1	1	NA
CELA2B:OR2AK2	1	NA
CELA2B:OR2T1	1	NA
CELA2B:TPO	1	NA
CELA2B:CDKL4	1	NA
CELA2B:LRPPRC	1	NA
CELA2B:NRXN1	1	NA
CELA2B:ZNF2	1	NA
CELA2B:CNTNAP5	1	NA
CELA2B:GYPC	1	NA
CELA2B:LRP1B	1	NA
CELA2B:MBD5	1	NA
CELA2B:FAP	1	NA
CELA2B:SCN2A	1	NA
CELA2B:TTN	1	NA
CELA2B:ZNF804A	1	NA
CELA2B:DNAH7	1	NA
CELA2B:CAPN10	1	NA
CELA2B:FGD5	1	NA
CELA2B:KAT2B	1	NA
CELA2B:ZNF385D	1	NA
CELA2B:ARPP21	1	NA
CELA2B:TRAK1	1	NA
CELA2B:EPHA3	1	NA
CELA2B:EPHA6	1	NA
CELA2B:IMPG2	1	NA
CELA2B:EPHB1	1	NA
CELA2B:TRPC1	1	NA
CELA2B:U2SURP	1	NA
CELA2B:P2RY13	1	NA
CELA2B:BCHE	1	NA
CELA2B:MECOM	1	NA
CELA2B:STK32B	1	NA
CELA2B:SEL1L3	1	NA
CELA2B:LIMCH1	1	NA
CELA2B:UGT2B10	1	NA
CELA2B:SHROOM3	1	NA
CELA2B:PDHA2	1	NA
CELA2B:ANK2	1	NA
CELA2B:PCDH18	1	NA
CELA2B:TRIML2	1	NA
CELA2B:6-Mar	1	NA
CELA2B:DNAH5	1	NA
CELA2B:PARP8	1	NA
CELA2B:MAP1B	1	NA
CELA2B:ADAMTS19	1	NA
CELA2B:RREB1	1	NA
CELA2B:COL11A2	1	NA
CELA2B:DAAM2	1	NA
CELA2B:KHDRBS2	1	NA
CELA2B:COL12A1	1	NA
CELA2B:ARHGAP18	1	NA
CELA2B:AKAP12	1	NA
CELA2B:BRAT1	1	NA
CELA2B:HECW1	1	NA
CELA2B:GTF2IRD2	1	NA
CELA2B:ABCB4	1	NA
CELA2B:TRRAP	1	NA
CELA2B:RASA4	1	NA
CELA2B:NUP205	1	NA
CELA2B:CSMD1	1	NA
CELA2B:PENK	1	NA
CELA2B:ZFHX4	1	NA
CELA2B:CNBD1	1	NA
CELA2B:NBN	1	NA
CELA2B:CSMD3	1	NA
CELA2B:MED30	1	NA
CELA2B:MYC	1	NA
CELA2B:BNC2	1	NA
CELA2B:ASTN2	1	NA
CELA2B:SETX	1	NA
CELA2B:CUBN	1	NA
CELA2B:RET	1	NA
CELA2B:PCDH15	1	NA
CELA2B:HERC4	1	NA
CELA2B:POLR3A	1	NA
CELA2B:GRID1	1	NA
CELA2B:CPXM2	1	NA
CELA2B:OR52N1	1	NA
CELA2B:ZNF215	1	NA
CELA2B:OR4C11	1	NA
CELA2B:C2CD3	1	NA
CELA2B:PDGFD	1	NA
PADI2:PADI2	1	NA
PADI2:ZBTB40	1	NA
PADI2:TRIM63	1	NA
PADI2:FPGT-TNNI3K	1	NA
PADI2:GJA8	1	NA
PADI2:NBPF11	1	NA
PADI2:TMOD4	1	NA
PADI2:LCE1F	1	NA
PADI2:SHC1	1	NA
PADI2:CD1C	1	NA
PADI2:KCNT2	1	NA
PADI2:ESRRG	1	NA
PADI2:OR11L1	1	NA
PADI2:OR2AK2	1	NA
PADI2:OR2T1	1	NA
PADI2:TPO	1	NA
PADI2:CDKL4	1	NA
PADI2:LRPPRC	1	NA
PADI2:NRXN1	1	NA
PADI2:ZNF2	1	NA
PADI2:CNTNAP5	1	NA
PADI2:GYPC	1	NA
PADI2:LRP1B	1	NA
PADI2:MBD5	1	NA
PADI2:FAP	1	NA
PADI2:SCN2A	1	NA
PADI2:TTN	1	NA
PADI2:ZNF804A	1	NA
PADI2:DNAH7	1	NA
PADI2:CAPN10	1	NA
PADI2:FGD5	1	NA
PADI2:KAT2B	1	NA
PADI2:ZNF385D	1	NA
PADI2:ARPP21	1	NA
PADI2:TRAK1	1	NA
PADI2:EPHA3	1	NA
PADI2:EPHA6	1	NA
PADI2:IMPG2	1	NA
PADI2:EPHB1	1	NA
PADI2:TRPC1	1	NA
PADI2:U2SURP	1	NA
PADI2:P2RY13	1	NA
PADI2:BCHE	1	NA
PADI2:MECOM	1	NA
PADI2:STK32B	1	NA
PADI2:SEL1L3	1	NA
PADI2:LIMCH1	1	NA
PADI2:UGT2B10	1	NA
PADI2:SHROOM3	1	NA
PADI2:PDHA2	1	NA
PADI2:ANK2	1	NA
PADI2:PCDH18	1	NA
PADI2:TRIML2	1	NA
PADI2:6-Mar	1	NA
PADI2:DNAH5	1	NA
PADI2:PARP8	1	NA
PADI2:MAP1B	1	NA
PADI2:ADAMTS19	1	NA
PADI2:RREB1	1	NA
PADI2:COL11A2	1	NA
PADI2:DAAM2	1	NA
PADI2:KHDRBS2	1	NA
PADI2:COL12A1	1	NA
PADI2:ARHGAP18	1	NA
PADI2:AKAP12	1	NA
PADI2:BRAT1	1	NA
PADI2:HECW1	1	NA
PADI2:GTF2IRD2	1	NA
PADI2:ABCB4	1	NA
PADI2:TRRAP	1	NA
PADI2:RASA4	1	NA
PADI2:NUP205	1	NA
PADI2:CSMD1	1	NA
PADI2:PENK	1	NA
PADI2:ZFHX4	1	NA
PADI2:CNBD1	1	NA
PADI2:NBN	1	NA
PADI2:CSMD3	1	NA
PADI2:MED30	1	NA
PADI2:MYC	1	NA
PADI2:BNC2	1	NA
PADI2:ASTN2	1	NA
PADI2:SETX	1	NA
PADI2:CUBN	1	NA
PADI2:RET	1	NA
PADI2:PCDH15	1	NA
PADI2:HERC4	1	NA
PADI2:POLR3A	1	NA
PADI2:GRID1	1	NA
PADI2:CPXM2	1	NA
PADI2:OR52N1	1	NA
PADI2:ZNF215	1	NA
PADI2:OR4C11	1	NA
PADI2:C2CD3	1	NA
PADI2:PDGFD	1	NA
ZBTB40:ZBTB40	1	NA
ZBTB40:TRIM63	1	NA
ZBTB40:FPGT-TNNI3K	1	NA
ZBTB40:GJA8	1	NA
ZBTB40:NBPF11	1	NA
ZBTB40:TMOD4	1	NA
ZBTB40:LCE1F	1	NA
ZBTB40:SHC1	1	NA
ZBTB40:CD1C	1	NA
ZBTB40:KCNT2	1	NA
ZBTB40:ESRRG	1	NA
ZBTB40:OR11L1	1	NA
ZBTB40:OR2AK2	1	NA
ZBTB40:OR2T1	1	NA
ZBTB40:TPO	1	NA
ZBTB40:CDKL4	1	NA
ZBTB40:LRPPRC	1	NA
ZBTB40:NRXN1	1	NA
ZBTB40:ZNF2	1	NA
ZBTB40:CNTNAP5	1	NA
ZBTB40:GYPC	1	NA
ZBTB40:LRP1B	1	NA
ZBTB40:MBD5	1	NA
ZBTB40:FAP	1	NA
ZBTB40:SCN2A	1	NA
ZBTB40:TTN	1	NA
ZBTB40:ZNF804A	1	NA
ZBTB40:DNAH7	1	NA
ZBTB40:CAPN10	1	NA
ZBTB40:FGD5	1	NA
ZBTB40:KAT2B	1	NA
ZBTB40:ZNF385D	1	NA
ZBTB40:ARPP21	1	NA
ZBTB40:TRAK1	1	NA
ZBTB40:EPHA3	1	NA
ZBTB40:EPHA6	1	NA
ZBTB40:IMPG2	1	NA
ZBTB40:EPHB1	1	NA
ZBTB40:TRPC1	1	NA
ZBTB40:U2SURP	1	NA
ZBTB40:P2RY13	1	NA
ZBTB40:BCHE	1	NA
ZBTB40:MECOM	1	NA
ZBTB40:STK32B	1	NA
ZBTB40:SEL1L3	1	NA
ZBTB40:LIMCH1	1	NA
ZBTB40:UGT2B10	1	NA
ZBTB40:SHROOM3	1	NA
ZBTB40:PDHA2	1	NA
ZBTB40:ANK2	1	NA
ZBTB40:PCDH18	1	NA
ZBTB40:TRIML2	1	NA
ZBTB40:6-Mar	1	NA
ZBTB40:DNAH5	1	NA
ZBTB40:PARP8	1	NA
ZBTB40:MAP1B	1	NA
ZBTB40:ADAMTS19	1	NA
ZBTB40:RREB1	1	NA
ZBTB40:COL11A2	1	NA
ZBTB40:DAAM2	1	NA
ZBTB40:KHDRBS2	1	NA
ZBTB40:COL12A1	1	NA
ZBTB40:ARHGAP18	1	NA
ZBTB40:AKAP12	1	NA
ZBTB40:BRAT1	1	NA
ZBTB40:HECW1	1	NA
ZBTB40:GTF2IRD2	1	NA
ZBTB40:ABCB4	1	NA
ZBTB40:TRRAP	1	NA
ZBTB40:RASA4	1	NA
ZBTB40:NUP205	1	NA
ZBTB40:CSMD1	1	NA
ZBTB40:PENK	1	NA
ZBTB40:ZFHX4	1	NA
ZBTB40:CNBD1	1	NA
ZBTB40:NBN	1	NA
ZBTB40:CSMD3	1	NA
ZBTB40:MED30	1	NA
ZBTB40:MYC	1	NA
ZBTB40:BNC2	1	NA
ZBTB40:ASTN2	1	NA
ZBTB40:SETX	1	NA
ZBTB40:CUBN	1	NA
ZBTB40:RET	1	NA
ZBTB40:PCDH15	1	NA
ZBTB40:HERC4	1	NA
ZBTB40:POLR3A	1	NA
ZBTB40:GRID1	1	NA
ZBTB40:CPXM2	1	NA
ZBTB40:OR52N1	1	NA
ZBTB40:ZNF215	1	NA
ZBTB40:OR4C11	1	NA
ZBTB40:C2CD3	1	NA
ZBTB40:PDGFD	1	NA
TRIM63:TRIM63	1	NA
TRIM63:FPGT-TNNI3K	1	NA
TRIM63:GJA8	1	NA
TRIM63:NBPF11	1	NA
TRIM63:TMOD4	1	NA
TRIM63:LCE1F	1	NA
TRIM63:SHC1	1	NA
TRIM63:CD1C	1	NA
TRIM63:KCNT2	1	NA
TRIM63:ESRRG	1	NA
TRIM63:OR11L1	1	NA
TRIM63:OR2AK2	1	NA
TRIM63:OR2T1	1	NA
TRIM63:TPO	1	NA
TRIM63:CDKL4	1	NA
TRIM63:LRPPRC	1	NA
TRIM63:NRXN1	1	NA
TRIM63:ZNF2	1	NA
TRIM63:CNTNAP5	1	NA
TRIM63:GYPC	1	NA
TRIM63:LRP1B	1	NA
TRIM63:MBD5	1	NA
TRIM63:FAP	1	NA
TRIM63:SCN2A	1	NA
TRIM63:TTN	1	NA
TRIM63:ZNF804A	1	NA
TRIM63:DNAH7	1	NA
TRIM63:CAPN10	1	NA
TRIM63:FGD5	1	NA
TRIM63:KAT2B	1	NA
TRIM63:ZNF385D	1	NA
TRIM63:ARPP21	1	NA
TRIM63:TRAK1	1	NA
TRIM63:EPHA3	1	NA
TRIM63:EPHA6	1	NA
TRIM63:IMPG2	1	NA
TRIM63:EPHB1	1	NA
TRIM63:TRPC1	1	NA
TRIM63:U2SURP	1	NA
TRIM63:P2RY13	1	NA
TRIM63:BCHE	1	NA
TRIM63:MECOM	1	NA
TRIM63:STK32B	1	NA
TRIM63:SEL1L3	1	NA
TRIM63:LIMCH1	1	NA
TRIM63:UGT2B10	1	NA
TRIM63:SHROOM3	1	NA
TRIM63:PDHA2	1	NA
TRIM63:ANK2	1	NA
TRIM63:PCDH18	1	NA
TRIM63:TRIML2	1	NA
TRIM63:6-Mar	1	NA
TRIM63:DNAH5	1	NA
TRIM63:PARP8	1	NA
TRIM63:MAP1B	1	NA
TRIM63:ADAMTS19	1	NA
TRIM63:RREB1	1	NA
TRIM63:COL11A2	1	NA
TRIM63:DAAM2	1	NA
TRIM63:KHDRBS2	1	NA
TRIM63:COL12A1	1	NA
TRIM63:ARHGAP18	1	NA
TRIM63:AKAP12	1	NA
TRIM63:BRAT1	1	NA
TRIM63:HECW1	1	NA
TRIM63:GTF2IRD2	1	NA
TRIM63:ABCB4	1	NA
TRIM63:TRRAP	1	NA
TRIM63:RASA4	1	NA
TRIM63:NUP205	1	NA
TRIM63:CSMD1	1	NA
TRIM63:PENK	1	NA
TRIM63:ZFHX4	1	NA
TRIM63:CNBD1	1	NA
TRIM63:NBN	1	NA
TRIM63:CSMD3	1	NA
TRIM63:MED30	1	NA
TRIM63:MYC	1	NA
TRIM63:BNC2	1	NA
TRIM63:ASTN2	1	NA
TRIM63:SETX	1	NA
TRIM63:CUBN	1	NA
TRIM63:RET	1	NA
TRIM63:PCDH15	1	NA
TRIM63:HERC4	1	NA
TRIM63:POLR3A	1	NA
TRIM63:GRID1	1	NA
TRIM63:CPXM2	1	NA
TRIM63:OR52N1	1	NA
TRIM63:ZNF215	1	NA
TRIM63:OR4C11	1	NA
TRIM63:C2CD3	1	NA
TRIM63:PDGFD	1	NA
FPGT-TNNI3K:FPGT-TNNI3K	1	NA
FPGT-TNNI3K:GJA8	1	NA
FPGT-TNNI3K:NBPF11	1	NA
FPGT-TNNI3K:TMOD4	1	NA
FPGT-TNNI3K:LCE1F	1	NA
FPGT-TNNI3K:SHC1	1	NA
FPGT-TNNI3K:CD1C	1	NA
FPGT-TNNI3K:KCNT2	1	NA
FPGT-TNNI3K:ESRRG	1	NA
FPGT-TNNI3K:OR11L1	1	NA
FPGT-TNNI3K:OR2AK2	1	NA
FPGT-TNNI3K:OR2T1	1	NA
FPGT-TNNI3K:TPO	1	NA
FPGT-TNNI3K:CDKL4	1	NA
FPGT-TNNI3K:LRPPRC	1	NA
FPGT-TNNI3K:NRXN1	1	NA
FPGT-TNNI3K:ZNF2	1	NA
FPGT-TNNI3K:CNTNAP5	1	NA
FPGT-TNNI3K:GYPC	1	NA
FPGT-TNNI3K:LRP1B	1	NA
FPGT-TNNI3K:MBD5	1	NA
FPGT-TNNI3K:FAP	1	NA
FPGT-TNNI3K:SCN2A	1	NA
FPGT-TNNI3K:TTN	1	NA
FPGT-TNNI3K:ZNF804A	1	NA
FPGT-TNNI3K:DNAH7	1	NA
FPGT-TNNI3K:CAPN10	1	NA
FPGT-TNNI3K:FGD5	1	NA
FPGT-TNNI3K:KAT2B	1	NA
FPGT-TNNI3K:ZNF385D	1	NA
FPGT-TNNI3K:ARPP21	1	NA
FPGT-TNNI3K:TRAK1	1	NA
FPGT-TNNI3K:EPHA3	1	NA
FPGT-TNNI3K:EPHA6	1	NA
FPGT-TNNI3K:IMPG2	1	NA
FPGT-TNNI3K:EPHB1	1	NA
FPGT-TNNI3K:TRPC1	1	NA
FPGT-TNNI3K:U2SURP	1	NA
FPGT-TNNI3K:P2RY13	1	NA
FPGT-TNNI3K:BCHE	1	NA
FPGT-TNNI3K:MECOM	1	NA
FPGT-TNNI3K:STK32B	1	NA
FPGT-TNNI3K:SEL1L3	1	NA
FPGT-TNNI3K:LIMCH1	1	NA
FPGT-TNNI3K:UGT2B10	1	NA
FPGT-TNNI3K:SHROOM3	1	NA
FPGT-TNNI3K:PDHA2	1	NA
FPGT-TNNI3K:ANK2	1	NA
FPGT-TNNI3K:PCDH18	1	NA
FPGT-TNNI3K:TRIML2	1	NA
FPGT-TNNI3K:6-Mar	1	NA
FPGT-TNNI3K:DNAH5	1	NA
FPGT-TNNI3K:PARP8	1	NA
FPGT-TNNI3K:MAP1B	1	NA
FPGT-TNNI3K:ADAMTS19	1	NA
FPGT-TNNI3K:RREB1	1	NA
FPGT-TNNI3K:COL11A2	1	NA
FPGT-TNNI3K:DAAM2	1	NA
FPGT-TNNI3K:KHDRBS2	1	NA
FPGT-TNNI3K:COL12A1	1	NA
FPGT-TNNI3K:ARHGAP18	1	NA
FPGT-TNNI3K:AKAP12	1	NA
FPGT-TNNI3K:BRAT1	1	NA
FPGT-TNNI3K:HECW1	1	NA
FPGT-TNNI3K:GTF2IRD2	1	NA
FPGT-TNNI3K:ABCB4	1	NA
FPGT-TNNI3K:TRRAP	1	NA
FPGT-TNNI3K:RASA4	1	NA
FPGT-TNNI3K:NUP205	1	NA
FPGT-TNNI3K:CSMD1	1	NA
FPGT-TNNI3K:PENK	1	NA
FPGT-TNNI3K:ZFHX4	1	NA
FPGT-TNNI3K:CNBD1	1	NA
FPGT-TNNI3K:NBN	1	NA
FPGT-TNNI3K:CSMD3	1	NA
FPGT-TNNI3K:MED30	1	NA
FPGT-TNNI3K:MYC	1	NA
FPGT-TNNI3K:BNC2	1	NA
FPGT-TNNI3K:ASTN2	1	NA
FPGT-TNNI3K:SETX	1	NA
FPGT-TNNI3K:CUBN	1	NA
FPGT-TNNI3K:RET	1	NA
FPGT-TNNI3K:PCDH15	1	NA
FPGT-TNNI3K:HERC4	1	NA
FPGT-TNNI3K:POLR3A	1	NA
FPGT-TNNI3K:GRID1	1	NA
FPGT-TNNI3K:CPXM2	1	NA
FPGT-TNNI3K:OR52N1	1	NA
FPGT-TNNI3K:ZNF215	1	NA
FPGT-TNNI3K:OR4C11	1	NA
FPGT-TNNI3K:C2CD3	1	NA
FPGT-TNNI3K:PDGFD	1	NA
GJA8:GJA8	1	NA
GJA8:NBPF11	1	NA
GJA8:TMOD4	1	NA
GJA8:LCE1F	1	NA
GJA8:SHC1	1	NA
GJA8:CD1C	1	NA
GJA8:KCNT2	1	NA
GJA8:ESRRG	1	NA
GJA8:OR11L1	1	NA
GJA8:OR2AK2	1	NA
GJA8:OR2T1	1	NA
GJA8:TPO	1	NA
GJA8:CDKL4	1	NA
GJA8:LRPPRC	1	NA
GJA8:NRXN1	1	NA
GJA8:ZNF2	1	NA
GJA8:CNTNAP5	1	NA
GJA8:GYPC	1	NA
GJA8:LRP1B	1	NA
GJA8:MBD5	1	NA
GJA8:FAP	1	NA
GJA8:SCN2A	1	NA
GJA8:TTN	1	NA
GJA8:ZNF804A	1	NA
GJA8:DNAH7	1	NA
GJA8:CAPN10	1	NA
GJA8:FGD5	1	NA
GJA8:KAT2B	1	NA
GJA8:ZNF385D	1	NA
GJA8:ARPP21	1	NA
GJA8:TRAK1	1	NA
GJA8:EPHA3	1	NA
GJA8:EPHA6	1	NA
GJA8:IMPG2	1	NA
GJA8:EPHB1	1	NA
GJA8:TRPC1	1	NA
GJA8:U2SURP	1	NA
GJA8:P2RY13	1	NA
GJA8:BCHE	1	NA
GJA8:MECOM	1	NA
GJA8:STK32B	1	NA
GJA8:SEL1L3	1	NA
GJA8:LIMCH1	1	NA
GJA8:UGT2B10	1	NA
GJA8:SHROOM3	1	NA
GJA8:PDHA2	1	NA
GJA8:ANK2	1	NA
GJA8:PCDH18	1	NA
GJA8:TRIML2	1	NA
GJA8:6-Mar	1	NA
GJA8:DNAH5	1	NA
GJA8:PARP8	1	NA
GJA8:MAP1B	1	NA
GJA8:ADAMTS19	1	NA
GJA8:RREB1	1	NA
GJA8:COL11A2	1	NA
GJA8:DAAM2	1	NA
GJA8:KHDRBS2	1	NA
GJA8:COL12A1	1	NA
GJA8:ARHGAP18	1	NA
GJA8:AKAP12	1	NA
GJA8:BRAT1	1	NA
GJA8:HECW1	1	NA
GJA8:GTF2IRD2	1	NA
GJA8:ABCB4	1	NA
GJA8:TRRAP	1	NA
GJA8:RASA4	1	NA
GJA8:NUP205	1	NA
GJA8:CSMD1	1	NA
GJA8:PENK	1	NA
GJA8:ZFHX4	1	NA
GJA8:CNBD1	1	NA
GJA8:NBN	1	NA
GJA8:CSMD3	1	NA
GJA8:MED30	1	NA
GJA8:MYC	1	NA
GJA8:BNC2	1	NA
GJA8:ASTN2	1	NA
GJA8:SETX	1	NA
GJA8:CUBN	1	NA
GJA8:RET	1	NA
GJA8:PCDH15	1	NA
GJA8:HERC4	1	NA
GJA8:POLR3A	1	NA
GJA8:GRID1	1	NA
GJA8:CPXM2	1	NA
GJA8:OR52N1	1	NA
GJA8:ZNF215	1	NA
GJA8:OR4C11	1	NA
GJA8:C2CD3	1	NA
GJA8:PDGFD	1	NA
NBPF11:NBPF11	1	NA
NBPF11:TMOD4	1	NA
NBPF11:LCE1F	1	NA
NBPF11:SHC1	1	NA
NBPF11:CD1C	1	NA
NBPF11:KCNT2	1	NA
NBPF11:ESRRG	1	NA
NBPF11:OR11L1	1	NA
NBPF11:OR2AK2	1	NA
NBPF11:OR2T1	1	NA
NBPF11:TPO	1	NA
NBPF11:CDKL4	1	NA
NBPF11:LRPPRC	1	NA
NBPF11:NRXN1	1	NA
NBPF11:ZNF2	1	NA
NBPF11:CNTNAP5	1	NA
NBPF11:GYPC	1	NA
NBPF11:LRP1B	1	NA
NBPF11:MBD5	1	NA
NBPF11:FAP	1	NA
NBPF11:SCN2A	1	NA
NBPF11:TTN	1	NA
NBPF11:ZNF804A	1	NA
NBPF11:DNAH7	1	NA
NBPF11:CAPN10	1	NA
NBPF11:FGD5	1	NA
NBPF11:KAT2B	1	NA
NBPF11:ZNF385D	1	NA
NBPF11:ARPP21	1	NA
NBPF11:TRAK1	1	NA
NBPF11:EPHA3	1	NA
NBPF11:EPHA6	1	NA
NBPF11:IMPG2	1	NA
NBPF11:EPHB1	1	NA
NBPF11:TRPC1	1	NA
NBPF11:U2SURP	1	NA
NBPF11:P2RY13	1	NA
NBPF11:BCHE	1	NA
NBPF11:MECOM	1	NA
NBPF11:STK32B	1	NA
NBPF11:SEL1L3	1	NA
NBPF11:LIMCH1	1	NA
NBPF11:UGT2B10	1	NA
NBPF11:SHROOM3	1	NA
NBPF11:PDHA2	1	NA
NBPF11:ANK2	1	NA
NBPF11:PCDH18	1	NA
NBPF11:TRIML2	1	NA
NBPF11:6-Mar	1	NA
NBPF11:DNAH5	1	NA
NBPF11:PARP8	1	NA
NBPF11:MAP1B	1	NA
NBPF11:ADAMTS19	1	NA
NBPF11:RREB1	1	NA
NBPF11:COL11A2	1	NA
NBPF11:DAAM2	1	NA
NBPF11:KHDRBS2	1	NA
NBPF11:COL12A1	1	NA
NBPF11:ARHGAP18	1	NA
NBPF11:AKAP12	1	NA
NBPF11:BRAT1	1	NA
NBPF11:HECW1	1	NA
NBPF11:GTF2IRD2	1	NA
NBPF11:ABCB4	1	NA
NBPF11:TRRAP	1	NA
NBPF11:RASA4	1	NA
NBPF11:NUP205	1	NA
NBPF11:CSMD1	1	NA
NBPF11:PENK	1	NA
NBPF11:ZFHX4	1	NA
NBPF11:CNBD1	1	NA
NBPF11:NBN	1	NA
NBPF11:CSMD3	1	NA
NBPF11:MED30	1	NA
NBPF11:MYC	1	NA
NBPF11:BNC2	1	NA
NBPF11:ASTN2	1	NA
NBPF11:SETX	1	NA
NBPF11:CUBN	1	NA
NBPF11:RET	1	NA
NBPF11:PCDH15	1	NA
NBPF11:HERC4	1	NA
NBPF11:POLR3A	1	NA
NBPF11:GRID1	1	NA
NBPF11:CPXM2	1	NA
NBPF11:OR52N1	1	NA
NBPF11:ZNF215	1	NA
NBPF11:OR4C11	1	NA
NBPF11:C2CD3	1	NA
NBPF11:PDGFD	1	NA
TMOD4:TMOD4	1	NA
TMOD4:LCE1F	1	NA
TMOD4:SHC1	1	NA
TMOD4:CD1C	1	NA
TMOD4:KCNT2	1	NA
TMOD4:ESRRG	1	NA
TMOD4:OR11L1	1	NA
TMOD4:OR2AK2	1	NA
TMOD4:OR2T1	1	NA
TMOD4:TPO	1	NA
TMOD4:CDKL4	1	NA
TMOD4:LRPPRC	1	NA
TMOD4:NRXN1	1	NA
TMOD4:ZNF2	1	NA
TMOD4:CNTNAP5	1	NA
TMOD4:GYPC	1	NA
TMOD4:LRP1B	1	NA
TMOD4:MBD5	1	NA
TMOD4:FAP	1	NA
TMOD4:SCN2A	1	NA
TMOD4:TTN	1	NA
TMOD4:ZNF804A	1	NA
TMOD4:DNAH7	1	NA
TMOD4:CAPN10	1	NA
TMOD4:FGD5	1	NA
TMOD4:KAT2B	1	NA
TMOD4:ZNF385D	1	NA
TMOD4:ARPP21	1	NA
TMOD4:TRAK1	1	NA
TMOD4:EPHA3	1	NA
TMOD4:EPHA6	1	NA
TMOD4:IMPG2	1	NA
TMOD4:EPHB1	1	NA
TMOD4:TRPC1	1	NA
TMOD4:U2SURP	1	NA
TMOD4:P2RY13	1	NA
TMOD4:BCHE	1	NA
TMOD4:MECOM	1	NA
TMOD4:STK32B	1	NA
TMOD4:SEL1L3	1	NA
TMOD4:LIMCH1	1	NA
TMOD4:UGT2B10	1	NA
TMOD4:SHROOM3	1	NA
TMOD4:PDHA2	1	NA
TMOD4:ANK2	1	NA
TMOD4:PCDH18	1	NA
TMOD4:TRIML2	1	NA
TMOD4:6-Mar	1	NA
TMOD4:DNAH5	1	NA
TMOD4:PARP8	1	NA
TMOD4:MAP1B	1	NA
TMOD4:ADAMTS19	1	NA
TMOD4:RREB1	1	NA
TMOD4:COL11A2	1	NA
TMOD4:DAAM2	1	NA
TMOD4:KHDRBS2	1	NA
TMOD4:COL12A1	1	NA
TMOD4:ARHGAP18	1	NA
TMOD4:AKAP12	1	NA
TMOD4:BRAT1	1	NA
TMOD4:HECW1	1	NA
TMOD4:GTF2IRD2	1	NA
TMOD4:ABCB4	1	NA
TMOD4:TRRAP	1	NA
TMOD4:RASA4	1	NA
TMOD4:NUP205	1	NA
TMOD4:CSMD1	1	NA
TMOD4:PENK	1	NA
TMOD4:ZFHX4	1	NA
TMOD4:CNBD1	1	NA
TMOD4:NBN	1	NA
TMOD4:CSMD3	1	NA
TMOD4:MED30	1	NA
TMOD4:MYC	1	NA
TMOD4:BNC2	1	NA
TMOD4:ASTN2	1	NA
TMOD4:SETX	1	NA
TMOD4:CUBN	1	NA
TMOD4:RET	1	NA
TMOD4:PCDH15	1	NA
TMOD4:HERC4	1	NA
TMOD4:POLR3A	1	NA
TMOD4:GRID1	1	NA
TMOD4:CPXM2	1	NA
TMOD4:OR52N1	1	NA
TMOD4:ZNF215	1	NA
TMOD4:OR4C11	1	NA
TMOD4:C2CD3	1	NA
TMOD4:PDGFD	1	NA
LCE1F:LCE1F	1	NA
LCE1F:SHC1	1	NA
LCE1F:CD1C	1	NA
LCE1F:KCNT2	1	NA
LCE1F:ESRRG	1	NA
LCE1F:OR11L1	1	NA
LCE1F:OR2AK2	1	NA
LCE1F:OR2T1	1	NA
LCE1F:TPO	1	NA
LCE1F:CDKL4	1	NA
LCE1F:LRPPRC	1	NA
LCE1F:NRXN1	1	NA
LCE1F:ZNF2	1	NA
LCE1F:CNTNAP5	1	NA
LCE1F:GYPC	1	NA
LCE1F:LRP1B	1	NA
LCE1F:MBD5	1	NA
LCE1F:FAP	1	NA
LCE1F:SCN2A	1	NA
LCE1F:TTN	1	NA
LCE1F:ZNF804A	1	NA
LCE1F:DNAH7	1	NA
LCE1F:CAPN10	1	NA
LCE1F:FGD5	1	NA
LCE1F:KAT2B	1	NA
LCE1F:ZNF385D	1	NA
LCE1F:ARPP21	1	NA
LCE1F:TRAK1	1	NA
LCE1F:EPHA3	1	NA
LCE1F:EPHA6	1	NA
LCE1F:IMPG2	1	NA
LCE1F:EPHB1	1	NA
LCE1F:TRPC1	1	NA
LCE1F:U2SURP	1	NA
LCE1F:P2RY13	1	NA
LCE1F:BCHE	1	NA
LCE1F:MECOM	1	NA
LCE1F:STK32B	1	NA
LCE1F:SEL1L3	1	NA
LCE1F:LIMCH1	1	NA
LCE1F:UGT2B10	1	NA
LCE1F:SHROOM3	1	NA
LCE1F:PDHA2	1	NA
LCE1F:ANK2	1	NA
LCE1F:PCDH18	1	NA
LCE1F:TRIML2	1	NA
LCE1F:6-Mar	1	NA
LCE1F:DNAH5	1	NA
LCE1F:PARP8	1	NA
LCE1F:MAP1B	1	NA
LCE1F:ADAMTS19	1	NA
LCE1F:RREB1	1	NA
LCE1F:COL11A2	1	NA
LCE1F:DAAM2	1	NA
LCE1F:KHDRBS2	1	NA
LCE1F:COL12A1	1	NA
LCE1F:ARHGAP18	1	NA
LCE1F:AKAP12	1	NA
LCE1F:BRAT1	1	NA
LCE1F:HECW1	1	NA
LCE1F:GTF2IRD2	1	NA
LCE1F:ABCB4	1	NA
LCE1F:TRRAP	1	NA
LCE1F:RASA4	1	NA
LCE1F:NUP205	1	NA
LCE1F:CSMD1	1	NA
LCE1F:PENK	1	NA
LCE1F:ZFHX4	1	NA
LCE1F:CNBD1	1	NA
LCE1F:NBN	1	NA
LCE1F:CSMD3	1	NA
LCE1F:MED30	1	NA
LCE1F:MYC	1	NA
LCE1F:BNC2	1	NA
LCE1F:ASTN2	1	NA
LCE1F:SETX	1	NA
LCE1F:CUBN	1	NA
LCE1F:RET	1	NA
LCE1F:PCDH15	1	NA
LCE1F:HERC4	1	NA
LCE1F:POLR3A	1	NA
LCE1F:GRID1	1	NA
LCE1F:CPXM2	1	NA
LCE1F:OR52N1	1	NA
LCE1F:ZNF215	1	NA
LCE1F:OR4C11	1	NA
LCE1F:C2CD3	1	NA
LCE1F:PDGFD	1	NA
SHC1:SHC1	1	NA
SHC1:CD1C	1	NA
SHC1:KCNT2	1	NA
SHC1:ESRRG	1	NA
SHC1:OR11L1	1	NA
SHC1:OR2AK2	1	NA
SHC1:OR2T1	1	NA
SHC1:TPO	1	NA
SHC1:CDKL4	1	NA
SHC1:LRPPRC	1	NA
SHC1:NRXN1	1	NA
SHC1:ZNF2	1	NA
SHC1:CNTNAP5	1	NA
SHC1:GYPC	1	NA
SHC1:LRP1B	1	NA
SHC1:MBD5	1	NA
SHC1:FAP	1	NA
SHC1:SCN2A	1	NA
SHC1:TTN	1	NA
SHC1:ZNF804A	1	NA
SHC1:DNAH7	1	NA
SHC1:CAPN10	1	NA
SHC1:FGD5	1	NA
SHC1:KAT2B	1	NA
SHC1:ZNF385D	1	NA
SHC1:ARPP21	1	NA
SHC1:TRAK1	1	NA
SHC1:EPHA3	1	NA
SHC1:EPHA6	1	NA
SHC1:IMPG2	1	NA
SHC1:EPHB1	1	NA
SHC1:TRPC1	1	NA
SHC1:U2SURP	1	NA
SHC1:P2RY13	1	NA
SHC1:BCHE	1	NA
SHC1:MECOM	1	NA
SHC1:STK32B	1	NA
SHC1:SEL1L3	1	NA
SHC1:LIMCH1	1	NA
SHC1:UGT2B10	1	NA
SHC1:SHROOM3	1	NA
SHC1:PDHA2	1	NA
SHC1:ANK2	1	NA
SHC1:PCDH18	1	NA
SHC1:TRIML2	1	NA
SHC1:6-Mar	1	NA
SHC1:DNAH5	1	NA
SHC1:PARP8	1	NA
SHC1:MAP1B	1	NA
SHC1:ADAMTS19	1	NA
SHC1:RREB1	1	NA
SHC1:COL11A2	1	NA
SHC1:DAAM2	1	NA
SHC1:KHDRBS2	1	NA
SHC1:COL12A1	1	NA
SHC1:ARHGAP18	1	NA
SHC1:AKAP12	1	NA
SHC1:BRAT1	1	NA
SHC1:HECW1	1	NA
SHC1:GTF2IRD2	1	NA
SHC1:ABCB4	1	NA
SHC1:TRRAP	1	NA
SHC1:RASA4	1	NA
SHC1:NUP205	1	NA
SHC1:CSMD1	1	NA
SHC1:PENK	1	NA
SHC1:ZFHX4	1	NA
SHC1:CNBD1	1	NA
SHC1:NBN	1	NA
SHC1:CSMD3	1	NA
SHC1:MED30	1	NA
SHC1:MYC	1	NA
SHC1:BNC2	1	NA
SHC1:ASTN2	1	NA
SHC1:SETX	1	NA
SHC1:CUBN	1	NA
SHC1:RET	1	NA
SHC1:PCDH15	1	NA
SHC1:HERC4	1	NA
SHC1:POLR3A	1	NA
SHC1:GRID1	1	NA
SHC1:CPXM2	1	NA
SHC1:OR52N1	1	NA
SHC1:ZNF215	1	NA
SHC1:OR4C11	1	NA
SHC1:C2CD3	1	NA
SHC1:PDGFD	1	NA
CD1C:CD1C	1	NA
CD1C:KCNT2	1	NA
CD1C:ESRRG	1	NA
CD1C:OR11L1	1	NA
CD1C:OR2AK2	1	NA
CD1C:OR2T1	1	NA
CD1C:TPO	1	NA
CD1C:CDKL4	1	NA
CD1C:LRPPRC	1	NA
CD1C:NRXN1	1	NA
CD1C:ZNF2	1	NA
CD1C:CNTNAP5	1	NA
CD1C:GYPC	1	NA
CD1C:LRP1B	1	NA
CD1C:MBD5	1	NA
CD1C:FAP	1	NA
CD1C:SCN2A	1	NA
CD1C:TTN	1	NA
CD1C:ZNF804A	1	NA
CD1C:DNAH7	1	NA
CD1C:CAPN10	1	NA
CD1C:FGD5	1	NA
CD1C:KAT2B	1	NA
CD1C:ZNF385D	1	NA
CD1C:ARPP21	1	NA
CD1C:TRAK1	1	NA
CD1C:EPHA3	1	NA
CD1C:EPHA6	1	NA
CD1C:IMPG2	1	NA
CD1C:EPHB1	1	NA
CD1C:TRPC1	1	NA
CD1C:U2SURP	1	NA
CD1C:P2RY13	1	NA
CD1C:BCHE	1	NA
CD1C:MECOM	1	NA
CD1C:STK32B	1	NA
CD1C:SEL1L3	1	NA
CD1C:LIMCH1	1	NA
CD1C:UGT2B10	1	NA
CD1C:SHROOM3	1	NA
CD1C:PDHA2	1	NA
CD1C:ANK2	1	NA
CD1C:PCDH18	1	NA
CD1C:TRIML2	1	NA
CD1C:6-Mar	1	NA
CD1C:DNAH5	1	NA
CD1C:PARP8	1	NA
CD1C:MAP1B	1	NA
CD1C:ADAMTS19	1	NA
CD1C:RREB1	1	NA
CD1C:COL11A2	1	NA
CD1C:DAAM2	1	NA
CD1C:KHDRBS2	1	NA
CD1C:COL12A1	1	NA
CD1C:ARHGAP18	1	NA
CD1C:AKAP12	1	NA
CD1C:BRAT1	1	NA
CD1C:HECW1	1	NA
CD1C:GTF2IRD2	1	NA
CD1C:ABCB4	1	NA
CD1C:TRRAP	1	NA
CD1C:RASA4	1	NA
CD1C:NUP205	1	NA
CD1C:CSMD1	1	NA
CD1C:PENK	1	NA
CD1C:ZFHX4	1	NA
CD1C:CNBD1	1	NA
CD1C:NBN	1	NA
CD1C:CSMD3	1	NA
CD1C:MED30	1	NA
CD1C:MYC	1	NA
CD1C:BNC2	1	NA
CD1C:ASTN2	1	NA
CD1C:SETX	1	NA
CD1C:CUBN	1	NA
CD1C:RET	1	NA
CD1C:PCDH15	1	NA
CD1C:HERC4	1	NA
CD1C:POLR3A	1	NA
CD1C:GRID1	1	NA
CD1C:CPXM2	1	NA
CD1C:OR52N1	1	NA
CD1C:ZNF215	1	NA
CD1C:OR4C11	1	NA
CD1C:C2CD3	1	NA
CD1C:PDGFD	1	NA
KCNT2:KCNT2	1	NA
KCNT2:ESRRG	1	NA
KCNT2:OR11L1	1	NA
KCNT2:OR2AK2	1	NA
KCNT2:OR2T1	1	NA
KCNT2:TPO	1	NA
KCNT2:CDKL4	1	NA
KCNT2:LRPPRC	1	NA
KCNT2:NRXN1	1	NA
KCNT2:ZNF2	1	NA
KCNT2:CNTNAP5	1	NA
KCNT2:GYPC	1	NA
KCNT2:LRP1B	1	NA
KCNT2:MBD5	1	NA
KCNT2:FAP	1	NA
KCNT2:SCN2A	1	NA
KCNT2:TTN	1	NA
KCNT2:ZNF804A	1	NA
KCNT2:DNAH7	1	NA
KCNT2:CAPN10	1	NA
KCNT2:FGD5	1	NA
KCNT2:KAT2B	1	NA
KCNT2:ZNF385D	1	NA
KCNT2:ARPP21	1	NA
KCNT2:TRAK1	1	NA
KCNT2:EPHA3	1	NA
KCNT2:EPHA6	1	NA
KCNT2:IMPG2	1	NA
KCNT2:EPHB1	1	NA
KCNT2:TRPC1	1	NA
KCNT2:U2SURP	1	NA
KCNT2:P2RY13	1	NA
KCNT2:BCHE	1	NA
KCNT2:MECOM	1	NA
KCNT2:STK32B	1	NA
KCNT2:SEL1L3	1	NA
KCNT2:LIMCH1	1	NA
KCNT2:UGT2B10	1	NA
KCNT2:SHROOM3	1	NA
KCNT2:PDHA2	1	NA
KCNT2:ANK2	1	NA
KCNT2:PCDH18	1	NA
KCNT2:TRIML2	1	NA
KCNT2:6-Mar	1	NA
KCNT2:DNAH5	1	NA
KCNT2:PARP8	1	NA
KCNT2:MAP1B	1	NA
KCNT2:ADAMTS19	1	NA
KCNT2:RREB1	1	NA
KCNT2:COL11A2	1	NA
KCNT2:DAAM2	1	NA
KCNT2:KHDRBS2	1	NA
KCNT2:COL12A1	1	NA
KCNT2:ARHGAP18	1	NA
KCNT2:AKAP12	1	NA
KCNT2:BRAT1	1	NA
KCNT2:HECW1	1	NA
KCNT2:GTF2IRD2	1	NA
KCNT2:ABCB4	1	NA
KCNT2:TRRAP	1	NA
KCNT2:RASA4	1	NA
KCNT2:NUP205	1	NA
KCNT2:CSMD1	1	NA
KCNT2:PENK	1	NA
KCNT2:ZFHX4	1	NA
KCNT2:CNBD1	1	NA
KCNT2:NBN	1	NA
KCNT2:CSMD3	1	NA
KCNT2:MED30	1	NA
KCNT2:MYC	1	NA
KCNT2:BNC2	1	NA
KCNT2:ASTN2	1	NA
KCNT2:SETX	1	NA
KCNT2:CUBN	1	NA
KCNT2:RET	1	NA
KCNT2:PCDH15	1	NA
KCNT2:HERC4	1	NA
KCNT2:POLR3A	1	NA
KCNT2:GRID1	1	NA
KCNT2:CPXM2	1	NA
KCNT2:OR52N1	1	NA
KCNT2:ZNF215	1	NA
KCNT2:OR4C11	1	NA
KCNT2:C2CD3	1	NA
KCNT2:PDGFD	1	NA
ESRRG:ESRRG	1	NA
ESRRG:OR11L1	1	NA
ESRRG:OR2AK2	1	NA
ESRRG:OR2T1	1	NA
ESRRG:TPO	1	NA
ESRRG:CDKL4	1	NA
ESRRG:LRPPRC	1	NA
ESRRG:NRXN1	1	NA
ESRRG:ZNF2	1	NA
ESRRG:CNTNAP5	1	NA
ESRRG:GYPC	1	NA
ESRRG:LRP1B	1	NA
ESRRG:MBD5	1	NA
ESRRG:FAP	1	NA
ESRRG:SCN2A	1	NA
ESRRG:TTN	1	NA
ESRRG:ZNF804A	1	NA
ESRRG:DNAH7	1	NA
ESRRG:CAPN10	1	NA
ESRRG:FGD5	1	NA
ESRRG:KAT2B	1	NA
ESRRG:ZNF385D	1	NA
ESRRG:ARPP21	1	NA
ESRRG:TRAK1	1	NA
ESRRG:EPHA3	1	NA
ESRRG:EPHA6	1	NA
ESRRG:IMPG2	1	NA
ESRRG:EPHB1	1	NA
ESRRG:TRPC1	1	NA
ESRRG:U2SURP	1	NA
ESRRG:P2RY13	1	NA
ESRRG:BCHE	1	NA
ESRRG:MECOM	1	NA
ESRRG:STK32B	1	NA
ESRRG:SEL1L3	1	NA
ESRRG:LIMCH1	1	NA
ESRRG:UGT2B10	1	NA
ESRRG:SHROOM3	1	NA
ESRRG:PDHA2	1	NA
ESRRG:ANK2	1	NA
ESRRG:PCDH18	1	NA
ESRRG:TRIML2	1	NA
ESRRG:6-Mar	1	NA
ESRRG:DNAH5	1	NA
ESRRG:PARP8	1	NA
ESRRG:MAP1B	1	NA
ESRRG:ADAMTS19	1	NA
ESRRG:RREB1	1	NA
ESRRG:COL11A2	1	NA
ESRRG:DAAM2	1	NA
ESRRG:KHDRBS2	1	NA
ESRRG:COL12A1	1	NA
ESRRG:ARHGAP18	1	NA
ESRRG:AKAP12	1	NA
ESRRG:BRAT1	1	NA
ESRRG:HECW1	1	NA
ESRRG:GTF2IRD2	1	NA
ESRRG:ABCB4	1	NA
ESRRG:TRRAP	1	NA
ESRRG:RASA4	1	NA
ESRRG:NUP205	1	NA
ESRRG:CSMD1	1	NA
ESRRG:PENK	1	NA
ESRRG:ZFHX4	1	NA
ESRRG:CNBD1	1	NA
ESRRG:NBN	1	NA
ESRRG:CSMD3	1	NA
ESRRG:MED30	1	NA
ESRRG:MYC	1	NA
ESRRG:BNC2	1	NA
ESRRG:ASTN2	1	NA
ESRRG:SETX	1	NA
ESRRG:CUBN	1	NA
ESRRG:RET	1	NA
ESRRG:PCDH15	1	NA
ESRRG:HERC4	1	NA
ESRRG:POLR3A	1	NA
ESRRG:GRID1	1	NA
ESRRG:CPXM2	1	NA
ESRRG:OR52N1	1	NA
ESRRG:ZNF215	1	NA
ESRRG:OR4C11	1	NA
ESRRG:C2CD3	1	NA
ESRRG:PDGFD	1	NA
OR11L1:OR11L1	1	NA
OR11L1:OR2AK2	1	NA
OR11L1:OR2T1	1	NA
OR11L1:TPO	1	NA
OR11L1:CDKL4	1	NA
OR11L1:LRPPRC	1	NA
OR11L1:NRXN1	1	NA
OR11L1:ZNF2	1	NA
OR11L1:CNTNAP5	1	NA
OR11L1:GYPC	1	NA
OR11L1:LRP1B	1	NA
OR11L1:MBD5	1	NA
OR11L1:FAP	1	NA
OR11L1:SCN2A	1	NA
OR11L1:TTN	1	NA
OR11L1:ZNF804A	1	NA
OR11L1:DNAH7	1	NA
OR11L1:CAPN10	1	NA
OR11L1:FGD5	1	NA
OR11L1:KAT2B	1	NA
OR11L1:ZNF385D	1	NA
OR11L1:ARPP21	1	NA
OR11L1:TRAK1	1	NA
OR11L1:EPHA3	1	NA
OR11L1:EPHA6	1	NA
OR11L1:IMPG2	1	NA
OR11L1:EPHB1	1	NA
OR11L1:TRPC1	1	NA
OR11L1:U2SURP	1	NA
OR11L1:P2RY13	1	NA
OR11L1:BCHE	1	NA
OR11L1:MECOM	1	NA
OR11L1:STK32B	1	NA
OR11L1:SEL1L3	1	NA
OR11L1:LIMCH1	1	NA
OR11L1:UGT2B10	1	NA
OR11L1:SHROOM3	1	NA
OR11L1:PDHA2	1	NA
OR11L1:ANK2	1	NA
OR11L1:PCDH18	1	NA
OR11L1:TRIML2	1	NA
OR11L1:6-Mar	1	NA
OR11L1:DNAH5	1	NA
OR11L1:PARP8	1	NA
OR11L1:MAP1B	1	NA
OR11L1:ADAMTS19	1	NA
OR11L1:RREB1	1	NA
OR11L1:COL11A2	1	NA
OR11L1:DAAM2	1	NA
OR11L1:KHDRBS2	1	NA
OR11L1:COL12A1	1	NA
OR11L1:ARHGAP18	1	NA
OR11L1:AKAP12	1	NA
OR11L1:BRAT1	1	NA
OR11L1:HECW1	1	NA
OR11L1:GTF2IRD2	1	NA
OR11L1:ABCB4	1	NA
OR11L1:TRRAP	1	NA
OR11L1:RASA4	1	NA
OR11L1:NUP205	1	NA
OR11L1:CSMD1	1	NA
OR11L1:PENK	1	NA
OR11L1:ZFHX4	1	NA
OR11L1:CNBD1	1	NA
OR11L1:NBN	1	NA
OR11L1:CSMD3	1	NA
OR11L1:MED30	1	NA
OR11L1:MYC	1	NA
OR11L1:BNC2	1	NA
OR11L1:ASTN2	1	NA
OR11L1:SETX	1	NA
OR11L1:CUBN	1	NA
OR11L1:RET	1	NA
OR11L1:PCDH15	1	NA
OR11L1:HERC4	1	NA
OR11L1:POLR3A	1	NA
OR11L1:GRID1	1	NA
OR11L1:CPXM2	1	NA
OR11L1:OR52N1	1	NA
OR11L1:ZNF215	1	NA
OR11L1:OR4C11	1	NA
OR11L1:C2CD3	1	NA
OR11L1:PDGFD	1	NA
OR2AK2:OR2AK2	1	NA
OR2AK2:OR2T1	1	NA
OR2AK2:TPO	1	NA
OR2AK2:CDKL4	1	NA
OR2AK2:LRPPRC	1	NA
OR2AK2:NRXN1	1	NA
OR2AK2:ZNF2	1	NA
OR2AK2:CNTNAP5	1	NA
OR2AK2:GYPC	1	NA
OR2AK2:LRP1B	1	NA
OR2AK2:MBD5	1	NA
OR2AK2:FAP	1	NA
OR2AK2:SCN2A	1	NA
OR2AK2:TTN	1	NA
OR2AK2:ZNF804A	1	NA
OR2AK2:DNAH7	1	NA
OR2AK2:CAPN10	1	NA
OR2AK2:FGD5	1	NA
OR2AK2:KAT2B	1	NA
OR2AK2:ZNF385D	1	NA
OR2AK2:ARPP21	1	NA
OR2AK2:TRAK1	1	NA
OR2AK2:EPHA3	1	NA
OR2AK2:EPHA6	1	NA
OR2AK2:IMPG2	1	NA
OR2AK2:EPHB1	1	NA
OR2AK2:TRPC1	1	NA
OR2AK2:U2SURP	1	NA
OR2AK2:P2RY13	1	NA
OR2AK2:BCHE	1	NA
OR2AK2:MECOM	1	NA
OR2AK2:STK32B	1	NA
OR2AK2:SEL1L3	1	NA
OR2AK2:LIMCH1	1	NA
OR2AK2:UGT2B10	1	NA
OR2AK2:SHROOM3	1	NA
OR2AK2:PDHA2	1	NA
OR2AK2:ANK2	1	NA
OR2AK2:PCDH18	1	NA
OR2AK2:TRIML2	1	NA
OR2AK2:6-Mar	1	NA
OR2AK2:DNAH5	1	NA
OR2AK2:PARP8	1	NA
OR2AK2:MAP1B	1	NA
OR2AK2:ADAMTS19	1	NA
OR2AK2:RREB1	1	NA
OR2AK2:COL11A2	1	NA
OR2AK2:DAAM2	1	NA
OR2AK2:KHDRBS2	1	NA
OR2AK2:COL12A1	1	NA
OR2AK2:ARHGAP18	1	NA
OR2AK2:AKAP12	1	NA
OR2AK2:BRAT1	1	NA
OR2AK2:HECW1	1	NA
OR2AK2:GTF2IRD2	1	NA
OR2AK2:ABCB4	1	NA
OR2AK2:TRRAP	1	NA
OR2AK2:RASA4	1	NA
OR2AK2:NUP205	1	NA
OR2AK2:CSMD1	1	NA
OR2AK2:PENK	1	NA
OR2AK2:ZFHX4	1	NA
OR2AK2:CNBD1	1	NA
OR2AK2:NBN	1	NA
OR2AK2:CSMD3	1	NA
OR2AK2:MED30	1	NA
OR2AK2:MYC	1	NA
OR2AK2:BNC2	1	NA
OR2AK2:ASTN2	1	NA
OR2AK2:SETX	1	NA
OR2AK2:CUBN	1	NA
OR2AK2:RET	1	NA
OR2AK2:PCDH15	1	NA
OR2AK2:HERC4	1	NA
OR2AK2:POLR3A	1	NA
OR2AK2:GRID1	1	NA
OR2AK2:CPXM2	1	NA
OR2AK2:OR52N1	1	NA
OR2AK2:ZNF215	1	NA
OR2AK2:OR4C11	1	NA
OR2AK2:C2CD3	1	NA
OR2AK2:PDGFD	1	NA
OR2T1:OR2T1	1	NA
OR2T1:TPO	1	NA
OR2T1:CDKL4	1	NA
OR2T1:LRPPRC	1	NA
OR2T1:NRXN1	1	NA
OR2T1:ZNF2	1	NA
OR2T1:CNTNAP5	1	NA
OR2T1:GYPC	1	NA
OR2T1:LRP1B	1	NA
OR2T1:MBD5	1	NA
OR2T1:FAP	1	NA
OR2T1:SCN2A	1	NA
OR2T1:TTN	1	NA
OR2T1:ZNF804A	1	NA
OR2T1:DNAH7	1	NA
OR2T1:CAPN10	1	NA
OR2T1:FGD5	1	NA
OR2T1:KAT2B	1	NA
OR2T1:ZNF385D	1	NA
OR2T1:ARPP21	1	NA
OR2T1:TRAK1	1	NA
OR2T1:EPHA3	1	NA
OR2T1:EPHA6	1	NA
OR2T1:IMPG2	1	NA
OR2T1:EPHB1	1	NA
OR2T1:TRPC1	1	NA
OR2T1:U2SURP	1	NA
OR2T1:P2RY13	1	NA
OR2T1:BCHE	1	NA
OR2T1:MECOM	1	NA
OR2T1:STK32B	1	NA
OR2T1:SEL1L3	1	NA
OR2T1:LIMCH1	1	NA
OR2T1:UGT2B10	1	NA
OR2T1:SHROOM3	1	NA
OR2T1:PDHA2	1	NA
OR2T1:ANK2	1	NA
OR2T1:PCDH18	1	NA
OR2T1:TRIML2	1	NA
OR2T1:6-Mar	1	NA
OR2T1:DNAH5	1	NA
OR2T1:PARP8	1	NA
OR2T1:MAP1B	1	NA
OR2T1:ADAMTS19	1	NA
OR2T1:RREB1	1	NA
OR2T1:COL11A2	1	NA
OR2T1:DAAM2	1	NA
OR2T1:KHDRBS2	1	NA
OR2T1:COL12A1	1	NA
OR2T1:ARHGAP18	1	NA
OR2T1:AKAP12	1	NA
OR2T1:BRAT1	1	NA
OR2T1:HECW1	1	NA
OR2T1:GTF2IRD2	1	NA
OR2T1:ABCB4	1	NA
OR2T1:TRRAP	1	NA
OR2T1:RASA4	1	NA
OR2T1:NUP205	1	NA
OR2T1:CSMD1	1	NA
OR2T1:PENK	1	NA
OR2T1:ZFHX4	1	NA
OR2T1:CNBD1	1	NA
OR2T1:NBN	1	NA
OR2T1:CSMD3	1	NA
OR2T1:MED30	1	NA
OR2T1:MYC	1	NA
OR2T1:BNC2	1	NA
OR2T1:ASTN2	1	NA
OR2T1:SETX	1	NA
OR2T1:CUBN	1	NA
OR2T1:RET	1	NA
OR2T1:PCDH15	1	NA
OR2T1:HERC4	1	NA
OR2T1:POLR3A	1	NA
OR2T1:GRID1	1	NA
OR2T1:CPXM2	1	NA
OR2T1:OR52N1	1	NA
OR2T1:ZNF215	1	NA
OR2T1:OR4C11	1	NA
OR2T1:C2CD3	1	NA
OR2T1:PDGFD	1	NA
TPO:TPO	1	NA
TPO:CDKL4	1	NA
TPO:LRPPRC	1	NA
TPO:NRXN1	1	NA
TPO:ZNF2	1	NA
TPO:CNTNAP5	1	NA
TPO:GYPC	1	NA
TPO:LRP1B	1	NA
TPO:MBD5	1	NA
TPO:FAP	1	NA
TPO:SCN2A	1	NA
TPO:TTN	1	NA
TPO:ZNF804A	1	NA
TPO:DNAH7	1	NA
TPO:CAPN10	1	NA
TPO:FGD5	1	NA
TPO:KAT2B	1	NA
TPO:ZNF385D	1	NA
TPO:ARPP21	1	NA
TPO:TRAK1	1	NA
TPO:EPHA3	1	NA
TPO:EPHA6	1	NA
TPO:IMPG2	1	NA
TPO:EPHB1	1	NA
TPO:TRPC1	1	NA
TPO:U2SURP	1	NA
TPO:P2RY13	1	NA
TPO:BCHE	1	NA
TPO:MECOM	1	NA
TPO:STK32B	1	NA
TPO:SEL1L3	1	NA
TPO:LIMCH1	1	NA
TPO:UGT2B10	1	NA
TPO:SHROOM3	1	NA
TPO:PDHA2	1	NA
TPO:ANK2	1	NA
TPO:PCDH18	1	NA
TPO:TRIML2	1	NA
TPO:6-Mar	1	NA
TPO:DNAH5	1	NA
TPO:PARP8	1	NA
TPO:MAP1B	1	NA
TPO:ADAMTS19	1	NA
TPO:RREB1	1	NA
TPO:COL11A2	1	NA
TPO:DAAM2	1	NA
TPO:KHDRBS2	1	NA
TPO:COL12A1	1	NA
TPO:ARHGAP18	1	NA
TPO:AKAP12	1	NA
TPO:BRAT1	1	NA
TPO:HECW1	1	NA
TPO:GTF2IRD2	1	NA
TPO:ABCB4	1	NA
TPO:TRRAP	1	NA
TPO:RASA4	1	NA
TPO:NUP205	1	NA
TPO:CSMD1	1	NA
TPO:PENK	1	NA
TPO:ZFHX4	1	NA
TPO:CNBD1	1	NA
TPO:NBN	1	NA
TPO:CSMD3	1	NA
TPO:MED30	1	NA
TPO:MYC	1	NA
TPO:BNC2	1	NA
TPO:ASTN2	1	NA
TPO:SETX	1	NA
TPO:CUBN	1	NA
TPO:RET	1	NA
TPO:PCDH15	1	NA
TPO:HERC4	1	NA
TPO:POLR3A	1	NA
TPO:GRID1	1	NA
TPO:CPXM2	1	NA
TPO:OR52N1	1	NA
TPO:ZNF215	1	NA
TPO:OR4C11	1	NA
TPO:C2CD3	1	NA
TPO:PDGFD	1	NA
CDKL4:CDKL4	1	NA
CDKL4:LRPPRC	1	NA
CDKL4:NRXN1	1	NA
CDKL4:ZNF2	1	NA
CDKL4:CNTNAP5	1	NA
CDKL4:GYPC	1	NA
CDKL4:LRP1B	1	NA
CDKL4:MBD5	1	NA
CDKL4:FAP	1	NA
CDKL4:SCN2A	1	NA
CDKL4:TTN	1	NA
CDKL4:ZNF804A	1	NA
CDKL4:DNAH7	1	NA
CDKL4:CAPN10	1	NA
CDKL4:FGD5	1	NA
CDKL4:KAT2B	1	NA
CDKL4:ZNF385D	1	NA
CDKL4:ARPP21	1	NA
CDKL4:TRAK1	1	NA
CDKL4:EPHA3	1	NA
CDKL4:EPHA6	1	NA
CDKL4:IMPG2	1	NA
CDKL4:EPHB1	1	NA
CDKL4:TRPC1	1	NA
CDKL4:U2SURP	1	NA
CDKL4:P2RY13	1	NA
CDKL4:BCHE	1	NA
CDKL4:MECOM	1	NA
CDKL4:STK32B	1	NA
CDKL4:SEL1L3	1	NA
CDKL4:LIMCH1	1	NA
CDKL4:UGT2B10	1	NA
CDKL4:SHROOM3	1	NA
CDKL4:PDHA2	1	NA
CDKL4:ANK2	1	NA
CDKL4:PCDH18	1	NA
CDKL4:TRIML2	1	NA
CDKL4:6-Mar	1	NA
CDKL4:DNAH5	1	NA
CDKL4:PARP8	1	NA
CDKL4:MAP1B	1	NA
CDKL4:ADAMTS19	1	NA
CDKL4:RREB1	1	NA
CDKL4:COL11A2	1	NA
CDKL4:DAAM2	1	NA
CDKL4:KHDRBS2	1	NA
CDKL4:COL12A1	1	NA
CDKL4:ARHGAP18	1	NA
CDKL4:AKAP12	1	NA
CDKL4:BRAT1	1	NA
CDKL4:HECW1	1	NA
CDKL4:GTF2IRD2	1	NA
CDKL4:ABCB4	1	NA
CDKL4:TRRAP	1	NA
CDKL4:RASA4	1	NA
CDKL4:NUP205	1	NA
CDKL4:CSMD1	1	NA
CDKL4:PENK	1	NA
CDKL4:ZFHX4	1	NA
CDKL4:CNBD1	1	NA
CDKL4:NBN	1	NA
CDKL4:CSMD3	1	NA
CDKL4:MED30	1	NA
CDKL4:MYC	1	NA
CDKL4:BNC2	1	NA
CDKL4:ASTN2	1	NA
CDKL4:SETX	1	NA
CDKL4:CUBN	1	NA
CDKL4:RET	1	NA
CDKL4:PCDH15	1	NA
CDKL4:HERC4	1	NA
CDKL4:POLR3A	1	NA
CDKL4:GRID1	1	NA
CDKL4:CPXM2	1	NA
CDKL4:OR52N1	1	NA
CDKL4:ZNF215	1	NA
CDKL4:OR4C11	1	NA
CDKL4:C2CD3	1	NA
CDKL4:PDGFD	1	NA
LRPPRC:LRPPRC	1	NA
LRPPRC:NRXN1	1	NA
LRPPRC:ZNF2	1	NA
LRPPRC:CNTNAP5	1	NA
LRPPRC:GYPC	1	NA
LRPPRC:LRP1B	1	NA
LRPPRC:MBD5	1	NA
LRPPRC:FAP	1	NA
LRPPRC:SCN2A	1	NA
LRPPRC:TTN	1	NA
LRPPRC:ZNF804A	1	NA
LRPPRC:DNAH7	1	NA
LRPPRC:CAPN10	1	NA
LRPPRC:FGD5	1	NA
LRPPRC:KAT2B	1	NA
LRPPRC:ZNF385D	1	NA
LRPPRC:ARPP21	1	NA
LRPPRC:TRAK1	1	NA
LRPPRC:EPHA3	1	NA
LRPPRC:EPHA6	1	NA
LRPPRC:IMPG2	1	NA
LRPPRC:EPHB1	1	NA
LRPPRC:TRPC1	1	NA
LRPPRC:U2SURP	1	NA
LRPPRC:P2RY13	1	NA
LRPPRC:BCHE	1	NA
LRPPRC:MECOM	1	NA
LRPPRC:STK32B	1	NA
LRPPRC:SEL1L3	1	NA
LRPPRC:LIMCH1	1	NA
LRPPRC:UGT2B10	1	NA
LRPPRC:SHROOM3	1	NA
LRPPRC:PDHA2	1	NA
LRPPRC:ANK2	1	NA
LRPPRC:PCDH18	1	NA
LRPPRC:TRIML2	1	NA
LRPPRC:6-Mar	1	NA
LRPPRC:DNAH5	1	NA
LRPPRC:PARP8	1	NA
LRPPRC:MAP1B	1	NA
LRPPRC:ADAMTS19	1	NA
LRPPRC:RREB1	1	NA
LRPPRC:COL11A2	1	NA
LRPPRC:DAAM2	1	NA
LRPPRC:KHDRBS2	1	NA
LRPPRC:COL12A1	1	NA
LRPPRC:ARHGAP18	1	NA
LRPPRC:AKAP12	1	NA
LRPPRC:BRAT1	1	NA
LRPPRC:HECW1	1	NA
LRPPRC:GTF2IRD2	1	NA
LRPPRC:ABCB4	1	NA
LRPPRC:TRRAP	1	NA
LRPPRC:RASA4	1	NA
LRPPRC:NUP205	1	NA
LRPPRC:CSMD1	1	NA
LRPPRC:PENK	1	NA
LRPPRC:ZFHX4	1	NA
LRPPRC:CNBD1	1	NA
LRPPRC:NBN	1	NA
LRPPRC:CSMD3	1	NA
LRPPRC:MED30	1	NA
LRPPRC:MYC	1	NA
LRPPRC:BNC2	1	NA
LRPPRC:ASTN2	1	NA
LRPPRC:SETX	1	NA
LRPPRC:CUBN	1	NA
LRPPRC:RET	1	NA
LRPPRC:PCDH15	1	NA
LRPPRC:HERC4	1	NA
LRPPRC:POLR3A	1	NA
LRPPRC:GRID1	1	NA
LRPPRC:CPXM2	1	NA
LRPPRC:OR52N1	1	NA
LRPPRC:ZNF215	1	NA
LRPPRC:OR4C11	1	NA
LRPPRC:C2CD3	1	NA
LRPPRC:PDGFD	1	NA
NRXN1:NRXN1	1	NA
NRXN1:ZNF2	1	NA
NRXN1:CNTNAP5	1	NA
NRXN1:GYPC	1	NA
NRXN1:LRP1B	1	NA
NRXN1:MBD5	1	NA
NRXN1:FAP	1	NA
NRXN1:SCN2A	1	NA
NRXN1:TTN	1	NA
NRXN1:ZNF804A	1	NA
NRXN1:DNAH7	1	NA
NRXN1:CAPN10	1	NA
NRXN1:FGD5	1	NA
NRXN1:KAT2B	1	NA
NRXN1:ZNF385D	1	NA
NRXN1:ARPP21	1	NA
NRXN1:TRAK1	1	NA
NRXN1:EPHA3	1	NA
NRXN1:EPHA6	1	NA
NRXN1:IMPG2	1	NA
NRXN1:EPHB1	1	NA
NRXN1:TRPC1	1	NA
NRXN1:U2SURP	1	NA
NRXN1:P2RY13	1	NA
NRXN1:BCHE	1	NA
NRXN1:MECOM	1	NA
NRXN1:STK32B	1	NA
NRXN1:SEL1L3	1	NA
NRXN1:LIMCH1	1	NA
NRXN1:UGT2B10	1	NA
NRXN1:SHROOM3	1	NA
NRXN1:PDHA2	1	NA
NRXN1:ANK2	1	NA
NRXN1:PCDH18	1	NA
NRXN1:TRIML2	1	NA
NRXN1:6-Mar	1	NA
NRXN1:DNAH5	1	NA
NRXN1:PARP8	1	NA
NRXN1:MAP1B	1	NA
NRXN1:ADAMTS19	1	NA
NRXN1:RREB1	1	NA
NRXN1:COL11A2	1	NA
NRXN1:DAAM2	1	NA
NRXN1:KHDRBS2	1	NA
NRXN1:COL12A1	1	NA
NRXN1:ARHGAP18	1	NA
NRXN1:AKAP12	1	NA
NRXN1:BRAT1	1	NA
NRXN1:HECW1	1	NA
NRXN1:GTF2IRD2	1	NA
NRXN1:ABCB4	1	NA
NRXN1:TRRAP	1	NA
NRXN1:RASA4	1	NA
NRXN1:NUP205	1	NA
NRXN1:CSMD1	1	NA
NRXN1:PENK	1	NA
NRXN1:ZFHX4	1	NA
NRXN1:CNBD1	1	NA
NRXN1:NBN	1	NA
NRXN1:CSMD3	1	NA
NRXN1:MED30	1	NA
NRXN1:MYC	1	NA
NRXN1:BNC2	1	NA
NRXN1:ASTN2	1	NA
NRXN1:SETX	1	NA
NRXN1:CUBN	1	NA
NRXN1:RET	1	NA
NRXN1:PCDH15	1	NA
NRXN1:HERC4	1	NA
NRXN1:POLR3A	1	NA
NRXN1:GRID1	1	NA
NRXN1:CPXM2	1	NA
NRXN1:OR52N1	1	NA
NRXN1:ZNF215	1	NA
NRXN1:OR4C11	1	NA
NRXN1:C2CD3	1	NA
NRXN1:PDGFD	1	NA
ZNF2:ZNF2	1	NA
ZNF2:CNTNAP5	1	NA
ZNF2:GYPC	1	NA
ZNF2:LRP1B	1	NA
ZNF2:MBD5	1	NA
ZNF2:FAP	1	NA
ZNF2:SCN2A	1	NA
ZNF2:TTN	1	NA
ZNF2:ZNF804A	1	NA
ZNF2:DNAH7	1	NA
ZNF2:CAPN10	1	NA
ZNF2:FGD5	1	NA
ZNF2:KAT2B	1	NA
ZNF2:ZNF385D	1	NA
ZNF2:ARPP21	1	NA
ZNF2:TRAK1	1	NA
ZNF2:EPHA3	1	NA
ZNF2:EPHA6	1	NA
ZNF2:IMPG2	1	NA
ZNF2:EPHB1	1	NA
ZNF2:TRPC1	1	NA
ZNF2:U2SURP	1	NA
ZNF2:P2RY13	1	NA
ZNF2:BCHE	1	NA
ZNF2:MECOM	1	NA
ZNF2:STK32B	1	NA
ZNF2:SEL1L3	1	NA
ZNF2:LIMCH1	1	NA
ZNF2:UGT2B10	1	NA
ZNF2:SHROOM3	1	NA
ZNF2:PDHA2	1	NA
ZNF2:ANK2	1	NA
ZNF2:PCDH18	1	NA
ZNF2:TRIML2	1	NA
ZNF2:6-Mar	1	NA
ZNF2:DNAH5	1	NA
ZNF2:PARP8	1	NA
ZNF2:MAP1B	1	NA
ZNF2:ADAMTS19	1	NA
ZNF2:RREB1	1	NA
ZNF2:COL11A2	1	NA
ZNF2:DAAM2	1	NA
ZNF2:KHDRBS2	1	NA
ZNF2:COL12A1	1	NA
ZNF2:ARHGAP18	1	NA
ZNF2:AKAP12	1	NA
ZNF2:BRAT1	1	NA
ZNF2:HECW1	1	NA
ZNF2:GTF2IRD2	1	NA
ZNF2:ABCB4	1	NA
ZNF2:TRRAP	1	NA
ZNF2:RASA4	1	NA
ZNF2:NUP205	1	NA
ZNF2:CSMD1	1	NA
ZNF2:PENK	1	NA
ZNF2:ZFHX4	1	NA
ZNF2:CNBD1	1	NA
ZNF2:NBN	1	NA
ZNF2:CSMD3	1	NA
ZNF2:MED30	1	NA
ZNF2:MYC	1	NA
ZNF2:BNC2	1	NA
ZNF2:ASTN2	1	NA
ZNF2:SETX	1	NA
ZNF2:CUBN	1	NA
ZNF2:RET	1	NA
ZNF2:PCDH15	1	NA
ZNF2:HERC4	1	NA
ZNF2:POLR3A	1	NA
ZNF2:GRID1	1	NA
ZNF2:CPXM2	1	NA
ZNF2:OR52N1	1	NA
ZNF2:ZNF215	1	NA
ZNF2:OR4C11	1	NA
ZNF2:C2CD3	1	NA
ZNF2:PDGFD	1	NA
CNTNAP5:CNTNAP5	1	NA
CNTNAP5:GYPC	1	NA
CNTNAP5:LRP1B	1	NA
CNTNAP5:MBD5	1	NA
CNTNAP5:FAP	1	NA
CNTNAP5:SCN2A	1	NA
CNTNAP5:TTN	1	NA
CNTNAP5:ZNF804A	1	NA
CNTNAP5:DNAH7	1	NA
CNTNAP5:CAPN10	1	NA
CNTNAP5:FGD5	1	NA
CNTNAP5:KAT2B	1	NA
CNTNAP5:ZNF385D	1	NA
CNTNAP5:ARPP21	1	NA
CNTNAP5:TRAK1	1	NA
CNTNAP5:EPHA3	1	NA
CNTNAP5:EPHA6	1	NA
CNTNAP5:IMPG2	1	NA
CNTNAP5:EPHB1	1	NA
CNTNAP5:TRPC1	1	NA
CNTNAP5:U2SURP	1	NA
CNTNAP5:P2RY13	1	NA
CNTNAP5:BCHE	1	NA
CNTNAP5:MECOM	1	NA
CNTNAP5:STK32B	1	NA
CNTNAP5:SEL1L3	1	NA
CNTNAP5:LIMCH1	1	NA
CNTNAP5:UGT2B10	1	NA
CNTNAP5:SHROOM3	1	NA
CNTNAP5:PDHA2	1	NA
CNTNAP5:ANK2	1	NA
CNTNAP5:PCDH18	1	NA
CNTNAP5:TRIML2	1	NA
CNTNAP5:6-Mar	1	NA
CNTNAP5:DNAH5	1	NA
CNTNAP5:PARP8	1	NA
CNTNAP5:MAP1B	1	NA
CNTNAP5:ADAMTS19	1	NA
CNTNAP5:RREB1	1	NA
CNTNAP5:COL11A2	1	NA
CNTNAP5:DAAM2	1	NA
CNTNAP5:KHDRBS2	1	NA
CNTNAP5:COL12A1	1	NA
CNTNAP5:ARHGAP18	1	NA
CNTNAP5:AKAP12	1	NA
CNTNAP5:BRAT1	1	NA
CNTNAP5:HECW1	1	NA
CNTNAP5:GTF2IRD2	1	NA
CNTNAP5:ABCB4	1	NA
CNTNAP5:TRRAP	1	NA
CNTNAP5:RASA4	1	NA
CNTNAP5:NUP205	1	NA
CNTNAP5:CSMD1	1	NA
CNTNAP5:PENK	1	NA
CNTNAP5:ZFHX4	1	NA
CNTNAP5:CNBD1	1	NA
CNTNAP5:NBN	1	NA
CNTNAP5:CSMD3	1	NA
CNTNAP5:MED30	1	NA
CNTNAP5:MYC	1	NA
CNTNAP5:BNC2	1	NA
CNTNAP5:ASTN2	1	NA
CNTNAP5:SETX	1	NA
CNTNAP5:CUBN	1	NA
CNTNAP5:RET	1	NA
CNTNAP5:PCDH15	1	NA
CNTNAP5:HERC4	1	NA
CNTNAP5:POLR3A	1	NA
CNTNAP5:GRID1	1	NA
CNTNAP5:CPXM2	1	NA
CNTNAP5:OR52N1	1	NA
CNTNAP5:ZNF215	1	NA
CNTNAP5:OR4C11	1	NA
CNTNAP5:C2CD3	1	NA
CNTNAP5:PDGFD	1	NA
GYPC:GYPC	1	NA
GYPC:LRP1B	1	NA
GYPC:MBD5	1	NA
GYPC:FAP	1	NA
GYPC:SCN2A	1	NA
GYPC:TTN	1	NA
GYPC:ZNF804A	1	NA
GYPC:DNAH7	1	NA
GYPC:CAPN10	1	NA
GYPC:FGD5	1	NA
GYPC:KAT2B	1	NA
GYPC:ZNF385D	1	NA
GYPC:ARPP21	1	NA
GYPC:TRAK1	1	NA
GYPC:EPHA3	1	NA
GYPC:EPHA6	1	NA
GYPC:IMPG2	1	NA
GYPC:EPHB1	1	NA
GYPC:TRPC1	1	NA
GYPC:U2SURP	1	NA
GYPC:P2RY13	1	NA
GYPC:BCHE	1	NA
GYPC:MECOM	1	NA
GYPC:STK32B	1	NA
GYPC:SEL1L3	1	NA
GYPC:LIMCH1	1	NA
GYPC:UGT2B10	1	NA
GYPC:SHROOM3	1	NA
GYPC:PDHA2	1	NA
GYPC:ANK2	1	NA
GYPC:PCDH18	1	NA
GYPC:TRIML2	1	NA
GYPC:6-Mar	1	NA
GYPC:DNAH5	1	NA
GYPC:PARP8	1	NA
GYPC:MAP1B	1	NA
GYPC:ADAMTS19	1	NA
GYPC:RREB1	1	NA
GYPC:COL11A2	1	NA
GYPC:DAAM2	1	NA
GYPC:KHDRBS2	1	NA
GYPC:COL12A1	1	NA
GYPC:ARHGAP18	1	NA
GYPC:AKAP12	1	NA
GYPC:BRAT1	1	NA
GYPC:HECW1	1	NA
GYPC:GTF2IRD2	1	NA
GYPC:ABCB4	1	NA
GYPC:TRRAP	1	NA
GYPC:RASA4	1	NA
GYPC:NUP205	1	NA
GYPC:CSMD1	1	NA
GYPC:PENK	1	NA
GYPC:ZFHX4	1	NA
GYPC:CNBD1	1	NA
GYPC:NBN	1	NA
GYPC:CSMD3	1	NA
GYPC:MED30	1	NA
GYPC:MYC	1	NA
GYPC:BNC2	1	NA
GYPC:ASTN2	1	NA
GYPC:SETX	1	NA
GYPC:CUBN	1	NA
GYPC:RET	1	NA
GYPC:PCDH15	1	NA
GYPC:HERC4	1	NA
GYPC:POLR3A	1	NA
GYPC:GRID1	1	NA
GYPC:CPXM2	1	NA
GYPC:OR52N1	1	NA
GYPC:ZNF215	1	NA
GYPC:OR4C11	1	NA
GYPC:C2CD3	1	NA
GYPC:PDGFD	1	NA
LRP1B:LRP1B	1	NA
LRP1B:MBD5	1	NA
LRP1B:FAP	1	NA
LRP1B:SCN2A	1	NA
LRP1B:TTN	1	NA
LRP1B:ZNF804A	1	NA
LRP1B:DNAH7	1	NA
LRP1B:CAPN10	1	NA
LRP1B:FGD5	1	NA
LRP1B:KAT2B	1	NA
LRP1B:ZNF385D	1	NA
LRP1B:ARPP21	1	NA
LRP1B:TRAK1	1	NA
LRP1B:EPHA3	1	NA
LRP1B:EPHA6	1	NA
LRP1B:IMPG2	1	NA
LRP1B:EPHB1	1	NA
LRP1B:TRPC1	1	NA
LRP1B:U2SURP	1	NA
LRP1B:P2RY13	1	NA
LRP1B:BCHE	1	NA
LRP1B:MECOM	1	NA
LRP1B:STK32B	1	NA
LRP1B:SEL1L3	1	NA
LRP1B:LIMCH1	1	NA
LRP1B:UGT2B10	1	NA
LRP1B:SHROOM3	1	NA
LRP1B:PDHA2	1	NA
LRP1B:ANK2	1	NA
LRP1B:PCDH18	1	NA
LRP1B:TRIML2	1	NA
LRP1B:6-Mar	1	NA
LRP1B:DNAH5	1	NA
LRP1B:PARP8	1	NA
LRP1B:MAP1B	1	NA
LRP1B:ADAMTS19	1	NA
LRP1B:RREB1	1	NA
LRP1B:COL11A2	1	NA
LRP1B:DAAM2	1	NA
LRP1B:KHDRBS2	1	NA
LRP1B:COL12A1	1	NA
LRP1B:ARHGAP18	1	NA
LRP1B:AKAP12	1	NA
LRP1B:BRAT1	1	NA
LRP1B:HECW1	1	NA
LRP1B:GTF2IRD2	1	NA
LRP1B:ABCB4	1	NA
LRP1B:TRRAP	1	NA
LRP1B:RASA4	1	NA
LRP1B:NUP205	1	NA
LRP1B:CSMD1	1	NA
LRP1B:PENK	1	NA
LRP1B:ZFHX4	1	NA
LRP1B:CNBD1	1	NA
LRP1B:NBN	1	NA
LRP1B:CSMD3	1	NA
LRP1B:MED30	1	NA
LRP1B:MYC	1	NA
LRP1B:BNC2	1	NA
LRP1B:ASTN2	1	NA
LRP1B:SETX	1	NA
LRP1B:CUBN	1	NA
LRP1B:RET	1	NA
LRP1B:PCDH15	1	NA
LRP1B:HERC4	1	NA
LRP1B:POLR3A	1	NA
LRP1B:GRID1	1	NA
LRP1B:CPXM2	1	NA
LRP1B:OR52N1	1	NA
LRP1B:ZNF215	1	NA
LRP1B:OR4C11	1	NA
LRP1B:C2CD3	1	NA
LRP1B:PDGFD	1	NA
MBD5:MBD5	1	NA
MBD5:FAP	1	NA
MBD5:SCN2A	1	NA
MBD5:TTN	1	NA
MBD5:ZNF804A	1	NA
MBD5:DNAH7	1	NA
MBD5:CAPN10	1	NA
MBD5:FGD5	1	NA
MBD5:KAT2B	1	NA
MBD5:ZNF385D	1	NA
MBD5:ARPP21	1	NA
MBD5:TRAK1	1	NA
MBD5:EPHA3	1	NA
MBD5:EPHA6	1	NA
MBD5:IMPG2	1	NA
MBD5:EPHB1	1	NA
MBD5:TRPC1	1	NA
MBD5:U2SURP	1	NA
MBD5:P2RY13	1	NA
MBD5:BCHE	1	NA
MBD5:MECOM	1	NA
MBD5:STK32B	1	NA
MBD5:SEL1L3	1	NA
MBD5:LIMCH1	1	NA
MBD5:UGT2B10	1	NA
MBD5:SHROOM3	1	NA
MBD5:PDHA2	1	NA
MBD5:ANK2	1	NA
MBD5:PCDH18	1	NA
MBD5:TRIML2	1	NA
MBD5:6-Mar	1	NA
MBD5:DNAH5	1	NA
MBD5:PARP8	1	NA
MBD5:MAP1B	1	NA
MBD5:ADAMTS19	1	NA
MBD5:RREB1	1	NA
MBD5:COL11A2	1	NA
MBD5:DAAM2	1	NA
MBD5:KHDRBS2	1	NA
MBD5:COL12A1	1	NA
MBD5:ARHGAP18	1	NA
MBD5:AKAP12	1	NA
MBD5:BRAT1	1	NA
MBD5:HECW1	1	NA
MBD5:GTF2IRD2	1	NA
MBD5:ABCB4	1	NA
MBD5:TRRAP	1	NA
MBD5:RASA4	1	NA
MBD5:NUP205	1	NA
MBD5:CSMD1	1	NA
MBD5:PENK	1	NA
MBD5:ZFHX4	1	NA
MBD5:CNBD1	1	NA
MBD5:NBN	1	NA
MBD5:CSMD3	1	NA
MBD5:MED30	1	NA
MBD5:MYC	1	NA
MBD5:BNC2	1	NA
MBD5:ASTN2	1	NA
MBD5:SETX	1	NA
MBD5:CUBN	1	NA
MBD5:RET	1	NA
MBD5:PCDH15	1	NA
MBD5:HERC4	1	NA
MBD5:POLR3A	1	NA
MBD5:GRID1	1	NA
MBD5:CPXM2	1	NA
MBD5:OR52N1	1	NA
MBD5:ZNF215	1	NA
MBD5:OR4C11	1	NA
MBD5:C2CD3	1	NA
MBD5:PDGFD	1	NA
FAP:FAP	1	NA
FAP:SCN2A	1	NA
FAP:TTN	1	NA
FAP:ZNF804A	1	NA
FAP:DNAH7	1	NA
FAP:CAPN10	1	NA
FAP:FGD5	1	NA
FAP:KAT2B	1	NA
FAP:ZNF385D	1	NA
FAP:ARPP21	1	NA
FAP:TRAK1	1	NA
FAP:EPHA3	1	NA
FAP:EPHA6	1	NA
FAP:IMPG2	1	NA
FAP:EPHB1	1	NA
FAP:TRPC1	1	NA
FAP:U2SURP	1	NA
FAP:P2RY13	1	NA
FAP:BCHE	1	NA
FAP:MECOM	1	NA
FAP:STK32B	1	NA
FAP:SEL1L3	1	NA
FAP:LIMCH1	1	NA
FAP:UGT2B10	1	NA
FAP:SHROOM3	1	NA
FAP:PDHA2	1	NA
FAP:ANK2	1	NA
FAP:PCDH18	1	NA
FAP:TRIML2	1	NA
FAP:6-Mar	1	NA
FAP:DNAH5	1	NA
FAP:PARP8	1	NA
FAP:MAP1B	1	NA
FAP:ADAMTS19	1	NA
FAP:RREB1	1	NA
FAP:COL11A2	1	NA
FAP:DAAM2	1	NA
FAP:KHDRBS2	1	NA
FAP:COL12A1	1	NA
FAP:ARHGAP18	1	NA
FAP:AKAP12	1	NA
FAP:BRAT1	1	NA
FAP:HECW1	1	NA
FAP:GTF2IRD2	1	NA
FAP:ABCB4	1	NA
FAP:TRRAP	1	NA
FAP:RASA4	1	NA
FAP:NUP205	1	NA
FAP:CSMD1	1	NA
FAP:PENK	1	NA
FAP:ZFHX4	1	NA
FAP:CNBD1	1	NA
FAP:NBN	1	NA
FAP:CSMD3	1	NA
FAP:MED30	1	NA
FAP:MYC	1	NA
FAP:BNC2	1	NA
FAP:ASTN2	1	NA
FAP:SETX	1	NA
FAP:CUBN	1	NA
FAP:RET	1	NA
FAP:PCDH15	1	NA
FAP:HERC4	1	NA
FAP:POLR3A	1	NA
FAP:GRID1	1	NA
FAP:CPXM2	1	NA
FAP:OR52N1	1	NA
FAP:ZNF215	1	NA
FAP:OR4C11	1	NA
FAP:C2CD3	1	NA
FAP:PDGFD	1	NA
SCN2A:SCN2A	1	NA
SCN2A:TTN	1	NA
SCN2A:ZNF804A	1	NA
SCN2A:DNAH7	1	NA
SCN2A:CAPN10	1	NA
SCN2A:FGD5	1	NA
SCN2A:KAT2B	1	NA
SCN2A:ZNF385D	1	NA
SCN2A:ARPP21	1	NA
SCN2A:TRAK1	1	NA
SCN2A:EPHA3	1	NA
SCN2A:EPHA6	1	NA
SCN2A:IMPG2	1	NA
SCN2A:EPHB1	1	NA
SCN2A:TRPC1	1	NA
SCN2A:U2SURP	1	NA
SCN2A:P2RY13	1	NA
SCN2A:BCHE	1	NA
SCN2A:MECOM	1	NA
SCN2A:STK32B	1	NA
SCN2A:SEL1L3	1	NA
SCN2A:LIMCH1	1	NA
SCN2A:UGT2B10	1	NA
SCN2A:SHROOM3	1	NA
SCN2A:PDHA2	1	NA
SCN2A:ANK2	1	NA
SCN2A:PCDH18	1	NA
SCN2A:TRIML2	1	NA
SCN2A:6-Mar	1	NA
SCN2A:DNAH5	1	NA
SCN2A:PARP8	1	NA
SCN2A:MAP1B	1	NA
SCN2A:ADAMTS19	1	NA
SCN2A:RREB1	1	NA
SCN2A:COL11A2	1	NA
SCN2A:DAAM2	1	NA
SCN2A:KHDRBS2	1	NA
SCN2A:COL12A1	1	NA
SCN2A:ARHGAP18	1	NA
SCN2A:AKAP12	1	NA
SCN2A:BRAT1	1	NA
SCN2A:HECW1	1	NA
SCN2A:GTF2IRD2	1	NA
SCN2A:ABCB4	1	NA
SCN2A:TRRAP	1	NA
SCN2A:RASA4	1	NA
SCN2A:NUP205	1	NA
SCN2A:CSMD1	1	NA
SCN2A:PENK	1	NA
SCN2A:ZFHX4	1	NA
SCN2A:CNBD1	1	NA
SCN2A:NBN	1	NA
SCN2A:CSMD3	1	NA
SCN2A:MED30	1	NA
SCN2A:MYC	1	NA
SCN2A:BNC2	1	NA
SCN2A:ASTN2	1	NA
SCN2A:SETX	1	NA
SCN2A:CUBN	1	NA
SCN2A:RET	1	NA
SCN2A:PCDH15	1	NA
SCN2A:HERC4	1	NA
SCN2A:POLR3A	1	NA
SCN2A:GRID1	1	NA
SCN2A:CPXM2	1	NA
SCN2A:OR52N1	1	NA
SCN2A:ZNF215	1	NA
SCN2A:OR4C11	1	NA
SCN2A:C2CD3	1	NA
SCN2A:PDGFD	1	NA
TTN:TTN	1	1
TTN:ZNF804A	1	NA
TTN:DNAH7	1	NA
TTN:CAPN10	1	NA
TTN:FGD5	1	NA
TTN:KAT2B	1	NA
TTN:ZNF385D	1	NA
TTN:ARPP21	1	NA
TTN:TRAK1	1	NA
TTN:EPHA3	1	NA
TTN:EPHA6	1	NA
TTN:IMPG2	1	NA
TTN:EPHB1	1	1
TTN:TRPC1	1	NA
TTN:U2SURP	1	NA
TTN:P2RY13	1	NA
TTN:BCHE	1	NA
TTN:MECOM	1	NA
TTN:STK32B	1	NA
TTN:SEL1L3	1	NA
TTN:LIMCH1	1	NA
TTN:UGT2B10	1	NA
TTN:SHROOM3	1	NA
TTN:PDHA2	1	NA
TTN:ANK2	1	NA
TTN:PCDH18	1	NA
TTN:TRIML2	1	NA
TTN:6-Mar	1	NA
TTN:DNAH5	1	NA
TTN:PARP8	1	NA
TTN:MAP1B	1	NA
TTN:ADAMTS19	1	NA
TTN:RREB1	1	NA
TTN:COL11A2	1	NA
TTN:DAAM2	1	NA
TTN:KHDRBS2	1	NA
TTN:COL12A1	1	NA
TTN:ARHGAP18	1	NA
TTN:AKAP12	1	NA
TTN:BRAT1	1	NA
TTN:HECW1	1	NA
TTN:GTF2IRD2	1	NA
TTN:ABCB4	1	NA
TTN:TRRAP	1	NA
TTN:RASA4	1	NA
TTN:NUP205	1	NA
TTN:CSMD1	1	NA
TTN:PENK	1	NA
TTN:ZFHX4	1	1
TTN:CNBD1	1	NA
TTN:NBN	1	NA
TTN:CSMD3	1	NA
TTN:MED30	1	NA
TTN:MYC	1	NA
TTN:BNC2	1	NA
TTN:ASTN2	1	NA
TTN:SETX	1	NA
TTN:CUBN	1	NA
TTN:RET	1	NA
TTN:PCDH15	1	NA
TTN:HERC4	1	NA
TTN:POLR3A	1	NA
TTN:GRID1	1	NA
TTN:CPXM2	1	NA
TTN:OR52N1	1	NA
TTN:ZNF215	1	NA
TTN:OR4C11	1	NA
TTN:C2CD3	1	NA
TTN:PDGFD	1	NA
ZNF804A:ZNF804A	1	NA
ZNF804A:DNAH7	1	NA
ZNF804A:CAPN10	1	NA
ZNF804A:FGD5	1	NA
ZNF804A:KAT2B	1	NA
ZNF804A:ZNF385D	1	NA
ZNF804A:ARPP21	1	NA
ZNF804A:TRAK1	1	NA
ZNF804A:EPHA3	1	NA
ZNF804A:EPHA6	1	NA
ZNF804A:IMPG2	1	NA
ZNF804A:EPHB1	1	NA
ZNF804A:TRPC1	1	NA
ZNF804A:U2SURP	1	NA
ZNF804A:P2RY13	1	NA
ZNF804A:BCHE	1	NA
ZNF804A:MECOM	1	NA
ZNF804A:STK32B	1	NA
ZNF804A:SEL1L3	1	NA
ZNF804A:LIMCH1	1	NA
ZNF804A:UGT2B10	1	NA
ZNF804A:SHROOM3	1	NA
ZNF804A:PDHA2	1	NA
ZNF804A:ANK2	1	NA
ZNF804A:PCDH18	1	NA
ZNF804A:TRIML2	1	NA
ZNF804A:6-Mar	1	NA
ZNF804A:DNAH5	1	NA
ZNF804A:PARP8	1	NA
ZNF804A:MAP1B	1	NA
ZNF804A:ADAMTS19	1	NA
ZNF804A:RREB1	1	NA
ZNF804A:COL11A2	1	NA
ZNF804A:DAAM2	1	NA
ZNF804A:KHDRBS2	1	NA
ZNF804A:COL12A1	1	NA
ZNF804A:ARHGAP18	1	NA
ZNF804A:AKAP12	1	NA
ZNF804A:BRAT1	1	NA
ZNF804A:HECW1	1	NA
ZNF804A:GTF2IRD2	1	NA
ZNF804A:ABCB4	1	NA
ZNF804A:TRRAP	1	NA
ZNF804A:RASA4	1	NA
ZNF804A:NUP205	1	NA
ZNF804A:CSMD1	1	NA
ZNF804A:PENK	1	NA
ZNF804A:ZFHX4	1	NA
ZNF804A:CNBD1	1	NA
ZNF804A:NBN	1	NA
ZNF804A:CSMD3	1	NA
ZNF804A:MED30	1	NA
ZNF804A:MYC	1	NA
ZNF804A:BNC2	1	NA
ZNF804A:ASTN2	1	NA
ZNF804A:SETX	1	NA
ZNF804A:CUBN	1	NA
ZNF804A:RET	1	NA
ZNF804A:PCDH15	1	NA
ZNF804A:HERC4	1	NA
ZNF804A:POLR3A	1	NA
ZNF804A:GRID1	1	NA
ZNF804A:CPXM2	1	NA
ZNF804A:OR52N1	1	NA
ZNF804A:ZNF215	1	NA
ZNF804A:OR4C11	1	NA
ZNF804A:C2CD3	1	NA
ZNF804A:PDGFD	1	NA
DNAH7:DNAH7	1	NA
DNAH7:CAPN10	1	NA
DNAH7:FGD5	1	NA
DNAH7:KAT2B	1	NA
DNAH7:ZNF385D	1	NA
DNAH7:ARPP21	1	NA
DNAH7:TRAK1	1	NA
DNAH7:EPHA3	1	NA
DNAH7:EPHA6	1	NA
DNAH7:IMPG2	1	NA
DNAH7:EPHB1	1	NA
DNAH7:TRPC1	1	NA
DNAH7:U2SURP	1	NA
DNAH7:P2RY13	1	NA
DNAH7:BCHE	1	NA
DNAH7:MECOM	1	NA
DNAH7:STK32B	1	NA
DNAH7:SEL1L3	1	NA
DNAH7:LIMCH1	1	NA
DNAH7:UGT2B10	1	NA
DNAH7:SHROOM3	1	NA
DNAH7:PDHA2	1	NA
DNAH7:ANK2	1	NA
DNAH7:PCDH18	1	NA
DNAH7:TRIML2	1	NA
DNAH7:6-Mar	1	NA
DNAH7:DNAH5	1	NA
DNAH7:PARP8	1	NA
DNAH7:MAP1B	1	NA
DNAH7:ADAMTS19	1	NA
DNAH7:RREB1	1	NA
DNAH7:COL11A2	1	NA
DNAH7:DAAM2	1	NA
DNAH7:KHDRBS2	1	NA
DNAH7:COL12A1	1	NA
DNAH7:ARHGAP18	1	NA
DNAH7:AKAP12	1	NA
DNAH7:BRAT1	1	NA
DNAH7:HECW1	1	NA
DNAH7:GTF2IRD2	1	NA
DNAH7:ABCB4	1	NA
DNAH7:TRRAP	1	NA
DNAH7:RASA4	1	NA
DNAH7:NUP205	1	NA
DNAH7:CSMD1	1	NA
DNAH7:PENK	1	NA
DNAH7:ZFHX4	1	NA
DNAH7:CNBD1	1	NA
DNAH7:NBN	1	NA
DNAH7:CSMD3	1	NA
DNAH7:MED30	1	NA
DNAH7:MYC	1	NA
DNAH7:BNC2	1	NA
DNAH7:ASTN2	1	NA
DNAH7:SETX	1	NA
DNAH7:CUBN	1	NA
DNAH7:RET	1	NA
DNAH7:PCDH15	1	NA
DNAH7:HERC4	1	NA
DNAH7:POLR3A	1	NA
DNAH7:GRID1	1	NA
DNAH7:CPXM2	1	NA
DNAH7:OR52N1	1	NA
DNAH7:ZNF215	1	NA
DNAH7:OR4C11	1	NA
DNAH7:C2CD3	1	NA
DNAH7:PDGFD	1	NA
CAPN10:CAPN10	1	NA
CAPN10:FGD5	1	NA
CAPN10:KAT2B	1	NA
CAPN10:ZNF385D	1	NA
CAPN10:ARPP21	1	NA
CAPN10:TRAK1	1	NA
CAPN10:EPHA3	1	NA
CAPN10:EPHA6	1	NA
CAPN10:IMPG2	1	NA
CAPN10:EPHB1	1	NA
CAPN10:TRPC1	1	NA
CAPN10:U2SURP	1	NA
CAPN10:P2RY13	1	NA
CAPN10:BCHE	1	NA
CAPN10:MECOM	1	NA
CAPN10:STK32B	1	NA
CAPN10:SEL1L3	1	NA
CAPN10:LIMCH1	1	NA
CAPN10:UGT2B10	1	NA
CAPN10:SHROOM3	1	NA
CAPN10:PDHA2	1	NA
CAPN10:ANK2	1	NA
CAPN10:PCDH18	1	NA
CAPN10:TRIML2	1	NA
CAPN10:6-Mar	1	NA
CAPN10:DNAH5	1	NA
CAPN10:PARP8	1	NA
CAPN10:MAP1B	1	NA
CAPN10:ADAMTS19	1	NA
CAPN10:RREB1	1	NA
CAPN10:COL11A2	1	NA
CAPN10:DAAM2	1	NA
CAPN10:KHDRBS2	1	NA
CAPN10:COL12A1	1	NA
CAPN10:ARHGAP18	1	NA
CAPN10:AKAP12	1	NA
CAPN10:BRAT1	1	NA
CAPN10:HECW1	1	NA
CAPN10:GTF2IRD2	1	NA
CAPN10:ABCB4	1	NA
CAPN10:TRRAP	1	NA
CAPN10:RASA4	1	NA
CAPN10:NUP205	1	NA
CAPN10:CSMD1	1	NA
CAPN10:PENK	1	NA
CAPN10:ZFHX4	1	NA
CAPN10:CNBD1	1	NA
CAPN10:NBN	1	NA
CAPN10:CSMD3	1	NA
CAPN10:MED30	1	NA
CAPN10:MYC	1	NA
CAPN10:BNC2	1	NA
CAPN10:ASTN2	1	NA
CAPN10:SETX	1	NA
CAPN10:CUBN	1	NA
CAPN10:RET	1	NA
CAPN10:PCDH15	1	NA
CAPN10:HERC4	1	NA
CAPN10:POLR3A	1	NA
CAPN10:GRID1	1	NA
CAPN10:CPXM2	1	NA
CAPN10:OR52N1	1	NA
CAPN10:ZNF215	1	NA
CAPN10:OR4C11	1	NA
CAPN10:C2CD3	1	NA
CAPN10:PDGFD	1	NA
FGD5:FGD5	1	NA
FGD5:KAT2B	1	NA
FGD5:ZNF385D	1	NA
FGD5:ARPP21	1	NA
FGD5:TRAK1	1	NA
FGD5:EPHA3	1	NA
FGD5:EPHA6	1	NA
FGD5:IMPG2	1	NA
FGD5:EPHB1	1	NA
FGD5:TRPC1	1	NA
FGD5:U2SURP	1	NA
FGD5:P2RY13	1	NA
FGD5:BCHE	1	NA
FGD5:MECOM	1	NA
FGD5:STK32B	1	NA
FGD5:SEL1L3	1	NA
FGD5:LIMCH1	1	NA
FGD5:UGT2B10	1	NA
FGD5:SHROOM3	1	NA
FGD5:PDHA2	1	NA
FGD5:ANK2	1	NA
FGD5:PCDH18	1	NA
FGD5:TRIML2	1	NA
FGD5:6-Mar	1	NA
FGD5:DNAH5	1	NA
FGD5:PARP8	1	NA
FGD5:MAP1B	1	NA
FGD5:ADAMTS19	1	NA
FGD5:RREB1	1	NA
FGD5:COL11A2	1	NA
FGD5:DAAM2	1	NA
FGD5:KHDRBS2	1	NA
FGD5:COL12A1	1	NA
FGD5:ARHGAP18	1	NA
FGD5:AKAP12	1	NA
FGD5:BRAT1	1	NA
FGD5:HECW1	1	NA
FGD5:GTF2IRD2	1	NA
FGD5:ABCB4	1	NA
FGD5:TRRAP	1	NA
FGD5:RASA4	1	NA
FGD5:NUP205	1	NA
FGD5:CSMD1	1	NA
FGD5:PENK	1	NA
FGD5:ZFHX4	1	NA
FGD5:CNBD1	1	NA
FGD5:NBN	1	NA
FGD5:CSMD3	1	NA
FGD5:MED30	1	NA
FGD5:MYC	1	NA
FGD5:BNC2	1	NA
FGD5:ASTN2	1	NA
FGD5:SETX	1	NA
FGD5:CUBN	1	NA
FGD5:RET	1	NA
FGD5:PCDH15	1	NA
FGD5:HERC4	1	NA
FGD5:POLR3A	1	NA
FGD5:GRID1	1	NA
FGD5:CPXM2	1	NA
FGD5:OR52N1	1	NA
FGD5:ZNF215	1	NA
FGD5:OR4C11	1	NA
FGD5:C2CD3	1	NA
FGD5:PDGFD	1	NA
KAT2B:KAT2B	1	NA
KAT2B:ZNF385D	1	NA
KAT2B:ARPP21	1	NA
KAT2B:TRAK1	1	NA
KAT2B:EPHA3	1	NA
KAT2B:EPHA6	1	NA
KAT2B:IMPG2	1	NA
KAT2B:EPHB1	1	NA
KAT2B:TRPC1	1	NA
KAT2B:U2SURP	1	NA
KAT2B:P2RY13	1	NA
KAT2B:BCHE	1	NA
KAT2B:MECOM	1	NA
KAT2B:STK32B	1	NA
KAT2B:SEL1L3	1	NA
KAT2B:LIMCH1	1	NA
KAT2B:UGT2B10	1	NA
KAT2B:SHROOM3	1	NA
KAT2B:PDHA2	1	NA
KAT2B:ANK2	1	NA
KAT2B:PCDH18	1	NA
KAT2B:TRIML2	1	NA
KAT2B:6-Mar	1	NA
KAT2B:DNAH5	1	NA
KAT2B:PARP8	1	NA
KAT2B:MAP1B	1	NA
KAT2B:ADAMTS19	1	NA
KAT2B:RREB1	1	NA
KAT2B:COL11A2	1	NA
KAT2B:DAAM2	1	NA
KAT2B:KHDRBS2	1	NA
KAT2B:COL12A1	1	NA
KAT2B:ARHGAP18	1	NA
KAT2B:AKAP12	1	NA
KAT2B:BRAT1	1	NA
KAT2B:HECW1	1	NA
KAT2B:GTF2IRD2	1	NA
KAT2B:ABCB4	1	NA
KAT2B:TRRAP	1	NA
KAT2B:RASA4	1	NA
KAT2B:NUP205	1	NA
KAT2B:CSMD1	1	NA
KAT2B:PENK	1	NA
KAT2B:ZFHX4	1	NA
KAT2B:CNBD1	1	NA
KAT2B:NBN	1	NA
KAT2B:CSMD3	1	NA
KAT2B:MED30	1	NA
KAT2B:MYC	1	NA
KAT2B:BNC2	1	NA
KAT2B:ASTN2	1	NA
KAT2B:SETX	1	NA
KAT2B:CUBN	1	NA
KAT2B:RET	1	NA
KAT2B:PCDH15	1	NA
KAT2B:HERC4	1	NA
KAT2B:POLR3A	1	NA
KAT2B:GRID1	1	NA
KAT2B:CPXM2	1	NA
KAT2B:OR52N1	1	NA
KAT2B:ZNF215	1	NA
KAT2B:OR4C11	1	NA
KAT2B:C2CD3	1	NA
KAT2B:PDGFD	1	NA
ZNF385D:ZNF385D	1	NA
ZNF385D:ARPP21	1	NA
ZNF385D:TRAK1	1	NA
ZNF385D:EPHA3	1	NA
ZNF385D:EPHA6	1	NA
ZNF385D:IMPG2	1	NA
ZNF385D:EPHB1	1	NA
ZNF385D:TRPC1	1	NA
ZNF385D:U2SURP	1	NA
ZNF385D:P2RY13	1	NA
ZNF385D:BCHE	1	NA
ZNF385D:MECOM	1	NA
ZNF385D:STK32B	1	NA
ZNF385D:SEL1L3	1	NA
ZNF385D:LIMCH1	1	NA
ZNF385D:UGT2B10	1	NA
ZNF385D:SHROOM3	1	NA
ZNF385D:PDHA2	1	NA
ZNF385D:ANK2	1	NA
ZNF385D:PCDH18	1	NA
ZNF385D:TRIML2	1	NA
ZNF385D:6-Mar	1	NA
ZNF385D:DNAH5	1	NA
ZNF385D:PARP8	1	NA
ZNF385D:MAP1B	1	NA
ZNF385D:ADAMTS19	1	NA
ZNF385D:RREB1	1	NA
ZNF385D:COL11A2	1	NA
ZNF385D:DAAM2	1	NA
ZNF385D:KHDRBS2	1	NA
ZNF385D:COL12A1	1	NA
ZNF385D:ARHGAP18	1	NA
ZNF385D:AKAP12	1	NA
ZNF385D:BRAT1	1	NA
ZNF385D:HECW1	1	NA
ZNF385D:GTF2IRD2	1	NA
ZNF385D:ABCB4	1	NA
ZNF385D:TRRAP	1	NA
ZNF385D:RASA4	1	NA
ZNF385D:NUP205	1	NA
ZNF385D:CSMD1	1	NA
ZNF385D:PENK	1	NA
ZNF385D:ZFHX4	1	NA
ZNF385D:CNBD1	1	NA
ZNF385D:NBN	1	NA
ZNF385D:CSMD3	1	NA
ZNF385D:MED30	1	NA
ZNF385D:MYC	1	NA
ZNF385D:BNC2	1	NA
ZNF385D:ASTN2	1	NA
ZNF385D:SETX	1	NA
ZNF385D:CUBN	1	NA
ZNF385D:RET	1	NA
ZNF385D:PCDH15	1	NA
ZNF385D:HERC4	1	NA
ZNF385D:POLR3A	1	NA
ZNF385D:GRID1	1	NA
ZNF385D:CPXM2	1	NA
ZNF385D:OR52N1	1	NA
ZNF385D:ZNF215	1	NA
ZNF385D:OR4C11	1	NA
ZNF385D:C2CD3	1	NA
ZNF385D:PDGFD	1	NA
ARPP21:ARPP21	1	NA
ARPP21:TRAK1	1	NA
ARPP21:EPHA3	1	NA
ARPP21:EPHA6	1	NA
ARPP21:IMPG2	1	NA
ARPP21:EPHB1	1	NA
ARPP21:TRPC1	1	NA
ARPP21:U2SURP	1	NA
ARPP21:P2RY13	1	NA
ARPP21:BCHE	1	NA
ARPP21:MECOM	1	NA
ARPP21:STK32B	1	NA
ARPP21:SEL1L3	1	NA
ARPP21:LIMCH1	1	NA
ARPP21:UGT2B10	1	NA
ARPP21:SHROOM3	1	NA
ARPP21:PDHA2	1	NA
ARPP21:ANK2	1	NA
ARPP21:PCDH18	1	NA
ARPP21:TRIML2	1	NA
ARPP21:6-Mar	1	NA
ARPP21:DNAH5	1	NA
ARPP21:PARP8	1	NA
ARPP21:MAP1B	1	NA
ARPP21:ADAMTS19	1	NA
ARPP21:RREB1	1	NA
ARPP21:COL11A2	1	NA
ARPP21:DAAM2	1	NA
ARPP21:KHDRBS2	1	NA
ARPP21:COL12A1	1	NA
ARPP21:ARHGAP18	1	NA
ARPP21:AKAP12	1	NA
ARPP21:BRAT1	1	NA
ARPP21:HECW1	1	NA
ARPP21:GTF2IRD2	1	NA
ARPP21:ABCB4	1	NA
ARPP21:TRRAP	1	NA
ARPP21:RASA4	1	NA
ARPP21:NUP205	1	NA
ARPP21:CSMD1	1	NA
ARPP21:PENK	1	NA
ARPP21:ZFHX4	1	NA
ARPP21:CNBD1	1	NA
ARPP21:NBN	1	NA
ARPP21:CSMD3	1	NA
ARPP21:MED30	1	NA
ARPP21:MYC	1	NA
ARPP21:BNC2	1	NA
ARPP21:ASTN2	1	NA
ARPP21:SETX	1	NA
ARPP21:CUBN	1	NA
ARPP21:RET	1	NA
ARPP21:PCDH15	1	NA
ARPP21:HERC4	1	NA
ARPP21:POLR3A	1	NA
ARPP21:GRID1	1	NA
ARPP21:CPXM2	1	NA
ARPP21:OR52N1	1	NA
ARPP21:ZNF215	1	NA
ARPP21:OR4C11	1	NA
ARPP21:C2CD3	1	NA
ARPP21:PDGFD	1	NA
TRAK1:TRAK1	1	NA
TRAK1:EPHA3	1	NA
TRAK1:EPHA6	1	NA
TRAK1:IMPG2	1	NA
TRAK1:EPHB1	1	NA
TRAK1:TRPC1	1	NA
TRAK1:U2SURP	1	NA
TRAK1:P2RY13	1	NA
TRAK1:BCHE	1	NA
TRAK1:MECOM	1	NA
TRAK1:STK32B	1	NA
TRAK1:SEL1L3	1	NA
TRAK1:LIMCH1	1	NA
TRAK1:UGT2B10	1	NA
TRAK1:SHROOM3	1	NA
TRAK1:PDHA2	1	NA
TRAK1:ANK2	1	NA
TRAK1:PCDH18	1	NA
TRAK1:TRIML2	1	NA
TRAK1:6-Mar	1	NA
TRAK1:DNAH5	1	NA
TRAK1:PARP8	1	NA
TRAK1:MAP1B	1	NA
TRAK1:ADAMTS19	1	NA
TRAK1:RREB1	1	NA
TRAK1:COL11A2	1	NA
TRAK1:DAAM2	1	NA
TRAK1:KHDRBS2	1	NA
TRAK1:COL12A1	1	NA
TRAK1:ARHGAP18	1	NA
TRAK1:AKAP12	1	NA
TRAK1:BRAT1	1	NA
TRAK1:HECW1	1	NA
TRAK1:GTF2IRD2	1	NA
TRAK1:ABCB4	1	NA
TRAK1:TRRAP	1	NA
TRAK1:RASA4	1	NA
TRAK1:NUP205	1	NA
TRAK1:CSMD1	1	NA
TRAK1:PENK	1	NA
TRAK1:ZFHX4	1	NA
TRAK1:CNBD1	1	NA
TRAK1:NBN	1	NA
TRAK1:CSMD3	1	NA
TRAK1:MED30	1	NA
TRAK1:MYC	1	NA
TRAK1:BNC2	1	NA
TRAK1:ASTN2	1	NA
TRAK1:SETX	1	NA
TRAK1:CUBN	1	NA
TRAK1:RET	1	NA
TRAK1:PCDH15	1	NA
TRAK1:HERC4	1	NA
TRAK1:POLR3A	1	NA
TRAK1:GRID1	1	NA
TRAK1:CPXM2	1	NA
TRAK1:OR52N1	1	NA
TRAK1:ZNF215	1	NA
TRAK1:OR4C11	1	NA
TRAK1:C2CD3	1	NA
TRAK1:PDGFD	1	NA
EPHA3:EPHA3	1	NA
EPHA3:EPHA6	1	NA
EPHA3:IMPG2	1	NA
EPHA3:EPHB1	1	NA
EPHA3:TRPC1	1	NA
EPHA3:U2SURP	1	NA
EPHA3:P2RY13	1	NA
EPHA3:BCHE	1	NA
EPHA3:MECOM	1	NA
EPHA3:STK32B	1	NA
EPHA3:SEL1L3	1	NA
EPHA3:LIMCH1	1	NA
EPHA3:UGT2B10	1	NA
EPHA3:SHROOM3	1	NA
EPHA3:PDHA2	1	NA
EPHA3:ANK2	1	NA
EPHA3:PCDH18	1	NA
EPHA3:TRIML2	1	NA
EPHA3:6-Mar	1	NA
EPHA3:DNAH5	1	NA
EPHA3:PARP8	1	NA
EPHA3:MAP1B	1	NA
EPHA3:ADAMTS19	1	NA
EPHA3:RREB1	1	NA
EPHA3:COL11A2	1	NA
EPHA3:DAAM2	1	NA
EPHA3:KHDRBS2	1	NA
EPHA3:COL12A1	1	NA
EPHA3:ARHGAP18	1	NA
EPHA3:AKAP12	1	NA
EPHA3:BRAT1	1	NA
EPHA3:HECW1	1	NA
EPHA3:GTF2IRD2	1	NA
EPHA3:ABCB4	1	NA
EPHA3:TRRAP	1	NA
EPHA3:RASA4	1	NA
EPHA3:NUP205	1	NA
EPHA3:CSMD1	1	NA
EPHA3:PENK	1	NA
EPHA3:ZFHX4	1	NA
EPHA3:CNBD1	1	NA
EPHA3:NBN	1	NA
EPHA3:CSMD3	1	NA
EPHA3:MED30	1	NA
EPHA3:MYC	1	NA
EPHA3:BNC2	1	NA
EPHA3:ASTN2	1	NA
EPHA3:SETX	1	NA
EPHA3:CUBN	1	NA
EPHA3:RET	1	NA
EPHA3:PCDH15	1	NA
EPHA3:HERC4	1	NA
EPHA3:POLR3A	1	NA
EPHA3:GRID1	1	NA
EPHA3:CPXM2	1	NA
EPHA3:OR52N1	1	NA
EPHA3:ZNF215	1	NA
EPHA3:OR4C11	1	NA
EPHA3:C2CD3	1	NA
EPHA3:PDGFD	1	NA
EPHA6:EPHA6	1	NA
EPHA6:IMPG2	1	NA
EPHA6:EPHB1	1	NA
EPHA6:TRPC1	1	NA
EPHA6:U2SURP	1	NA
EPHA6:P2RY13	1	NA
EPHA6:BCHE	1	NA
EPHA6:MECOM	1	NA
EPHA6:STK32B	1	NA
EPHA6:SEL1L3	1	NA
EPHA6:LIMCH1	1	NA
EPHA6:UGT2B10	1	NA
EPHA6:SHROOM3	1	NA
EPHA6:PDHA2	1	NA
EPHA6:ANK2	1	NA
EPHA6:PCDH18	1	NA
EPHA6:TRIML2	1	NA
EPHA6:6-Mar	1	NA
EPHA6:DNAH5	1	NA
EPHA6:PARP8	1	NA
EPHA6:MAP1B	1	NA
EPHA6:ADAMTS19	1	NA
EPHA6:RREB1	1	NA
EPHA6:COL11A2	1	NA
EPHA6:DAAM2	1	NA
EPHA6:KHDRBS2	1	NA
EPHA6:COL12A1	1	NA
EPHA6:ARHGAP18	1	NA
EPHA6:AKAP12	1	NA
EPHA6:BRAT1	1	NA
EPHA6:HECW1	1	NA
EPHA6:GTF2IRD2	1	NA
EPHA6:ABCB4	1	NA
EPHA6:TRRAP	1	NA
EPHA6:RASA4	1	NA
EPHA6:NUP205	1	NA
EPHA6:CSMD1	1	NA
EPHA6:PENK	1	NA
EPHA6:ZFHX4	1	NA
EPHA6:CNBD1	1	NA
EPHA6:NBN	1	NA
EPHA6:CSMD3	1	NA
EPHA6:MED30	1	NA
EPHA6:MYC	1	NA
EPHA6:BNC2	1	NA
EPHA6:ASTN2	1	NA
EPHA6:SETX	1	NA
EPHA6:CUBN	1	NA
EPHA6:RET	1	NA
EPHA6:PCDH15	1	NA
EPHA6:HERC4	1	NA
EPHA6:POLR3A	1	NA
EPHA6:GRID1	1	NA
EPHA6:CPXM2	1	NA
EPHA6:OR52N1	1	NA
EPHA6:ZNF215	1	NA
EPHA6:OR4C11	1	NA
EPHA6:C2CD3	1	NA
EPHA6:PDGFD	1	NA
IMPG2:IMPG2	1	NA
IMPG2:EPHB1	1	NA
IMPG2:TRPC1	1	NA
IMPG2:U2SURP	1	NA
IMPG2:P2RY13	1	NA
IMPG2:BCHE	1	NA
IMPG2:MECOM	1	NA
IMPG2:STK32B	1	NA
IMPG2:SEL1L3	1	NA
IMPG2:LIMCH1	1	NA
IMPG2:UGT2B10	1	NA
IMPG2:SHROOM3	1	NA
IMPG2:PDHA2	1	NA
IMPG2:ANK2	1	NA
IMPG2:PCDH18	1	NA
IMPG2:TRIML2	1	NA
IMPG2:6-Mar	1	NA
IMPG2:DNAH5	1	NA
IMPG2:PARP8	1	NA
IMPG2:MAP1B	1	NA
IMPG2:ADAMTS19	1	NA
IMPG2:RREB1	1	NA
IMPG2:COL11A2	1	NA
IMPG2:DAAM2	1	NA
IMPG2:KHDRBS2	1	NA
IMPG2:COL12A1	1	NA
IMPG2:ARHGAP18	1	NA
IMPG2:AKAP12	1	NA
IMPG2:BRAT1	1	NA
IMPG2:HECW1	1	NA
IMPG2:GTF2IRD2	1	NA
IMPG2:ABCB4	1	NA
IMPG2:TRRAP	1	NA
IMPG2:RASA4	1	NA
IMPG2:NUP205	1	NA
IMPG2:CSMD1	1	NA
IMPG2:PENK	1	NA
IMPG2:ZFHX4	1	NA
IMPG2:CNBD1	1	NA
IMPG2:NBN	1	NA
IMPG2:CSMD3	1	NA
IMPG2:MED30	1	NA
IMPG2:MYC	1	NA
IMPG2:BNC2	1	NA
IMPG2:ASTN2	1	NA
IMPG2:SETX	1	NA
IMPG2:CUBN	1	NA
IMPG2:RET	1	NA
IMPG2:PCDH15	1	NA
IMPG2:HERC4	1	NA
IMPG2:POLR3A	1	NA
IMPG2:GRID1	1	NA
IMPG2:CPXM2	1	NA
IMPG2:OR52N1	1	NA
IMPG2:ZNF215	1	NA
IMPG2:OR4C11	1	NA
IMPG2:C2CD3	1	NA
IMPG2:PDGFD	1	NA
EPHB1:EPHB1	1	1
EPHB1:TRPC1	1	NA
EPHB1:U2SURP	1	NA
EPHB1:P2RY13	1	NA
EPHB1:BCHE	1	NA
EPHB1:MECOM	1	NA
EPHB1:STK32B	1	NA
EPHB1:SEL1L3	1	NA
EPHB1:LIMCH1	1	NA
EPHB1:UGT2B10	1	NA
EPHB1:SHROOM3	1	NA
EPHB1:PDHA2	1	NA
EPHB1:ANK2	1	NA
EPHB1:PCDH18	1	NA
EPHB1:TRIML2	1	NA
EPHB1:6-Mar	1	NA
EPHB1:DNAH5	1	NA
EPHB1:PARP8	1	NA
EPHB1:MAP1B	1	NA
EPHB1:ADAMTS19	1	NA
EPHB1:RREB1	1	NA
EPHB1:COL11A2	1	NA
EPHB1:DAAM2	1	NA
EPHB1:KHDRBS2	1	NA
EPHB1:COL12A1	1	NA
EPHB1:ARHGAP18	1	NA
EPHB1:AKAP12	1	NA
EPHB1:BRAT1	1	NA
EPHB1:HECW1	1	NA
EPHB1:GTF2IRD2	1	NA
EPHB1:ABCB4	1	NA
EPHB1:TRRAP	1	NA
EPHB1:RASA4	1	NA
EPHB1:NUP205	1	NA
EPHB1:CSMD1	1	NA
EPHB1:PENK	1	NA
EPHB1:ZFHX4	1	1
EPHB1:CNBD1	1	NA
EPHB1:NBN	1	NA
EPHB1:CSMD3	1	NA
EPHB1:MED30	1	NA
EPHB1:MYC	1	NA
EPHB1:BNC2	1	NA
EPHB1:ASTN2	1	NA
EPHB1:SETX	1	NA
EPHB1:CUBN	1	NA
EPHB1:RET	1	NA
EPHB1:PCDH15	1	NA
EPHB1:HERC4	1	NA
EPHB1:POLR3A	1	NA
EPHB1:GRID1	1	NA
EPHB1:CPXM2	1	NA
EPHB1:OR52N1	1	NA
EPHB1:ZNF215	1	NA
EPHB1:OR4C11	1	NA
EPHB1:C2CD3	1	NA
EPHB1:PDGFD	1	NA
TRPC1:TRPC1	1	NA
TRPC1:U2SURP	1	NA
TRPC1:P2RY13	1	NA
TRPC1:BCHE	1	NA
TRPC1:MECOM	1	NA
TRPC1:STK32B	1	NA
TRPC1:SEL1L3	1	NA
TRPC1:LIMCH1	1	NA
TRPC1:UGT2B10	1	NA
TRPC1:SHROOM3	1	NA
TRPC1:PDHA2	1	NA
TRPC1:ANK2	1	NA
TRPC1:PCDH18	1	NA
TRPC1:TRIML2	1	NA
TRPC1:6-Mar	1	NA
TRPC1:DNAH5	1	NA
TRPC1:PARP8	1	NA
TRPC1:MAP1B	1	NA
TRPC1:ADAMTS19	1	NA
TRPC1:RREB1	1	NA
TRPC1:COL11A2	1	NA
TRPC1:DAAM2	1	NA
TRPC1:KHDRBS2	1	NA
TRPC1:COL12A1	1	NA
TRPC1:ARHGAP18	1	NA
TRPC1:AKAP12	1	NA
TRPC1:BRAT1	1	NA
TRPC1:HECW1	1	NA
TRPC1:GTF2IRD2	1	NA
TRPC1:ABCB4	1	NA
TRPC1:TRRAP	1	NA
TRPC1:RASA4	1	NA
TRPC1:NUP205	1	NA
TRPC1:CSMD1	1	NA
TRPC1:PENK	1	NA
TRPC1:ZFHX4	1	NA
TRPC1:CNBD1	1	NA
TRPC1:NBN	1	NA
TRPC1:CSMD3	1	NA
TRPC1:MED30	1	NA
TRPC1:MYC	1	NA
TRPC1:BNC2	1	NA
TRPC1:ASTN2	1	NA
TRPC1:SETX	1	NA
TRPC1:CUBN	1	NA
TRPC1:RET	1	NA
TRPC1:PCDH15	1	NA
TRPC1:HERC4	1	NA
TRPC1:POLR3A	1	NA
TRPC1:GRID1	1	NA
TRPC1:CPXM2	1	NA
TRPC1:OR52N1	1	NA
TRPC1:ZNF215	1	NA
TRPC1:OR4C11	1	NA
TRPC1:C2CD3	1	NA
TRPC1:PDGFD	1	NA
U2SURP:U2SURP	1	NA
U2SURP:P2RY13	1	NA
U2SURP:BCHE	1	NA
U2SURP:MECOM	1	NA
U2SURP:STK32B	1	NA
U2SURP:SEL1L3	1	NA
U2SURP:LIMCH1	1	NA
U2SURP:UGT2B10	1	NA
U2SURP:SHROOM3	1	NA
U2SURP:PDHA2	1	NA
U2SURP:ANK2	1	NA
U2SURP:PCDH18	1	NA
U2SURP:TRIML2	1	NA
U2SURP:6-Mar	1	NA
U2SURP:DNAH5	1	NA
U2SURP:PARP8	1	NA
U2SURP:MAP1B	1	NA
U2SURP:ADAMTS19	1	NA
U2SURP:RREB1	1	NA
U2SURP:COL11A2	1	NA
U2SURP:DAAM2	1	NA
U2SURP:KHDRBS2	1	NA
U2SURP:COL12A1	1	NA
U2SURP:ARHGAP18	1	NA
U2SURP:AKAP12	1	NA
U2SURP:BRAT1	1	NA
U2SURP:HECW1	1	NA
U2SURP:GTF2IRD2	1	NA
U2SURP:ABCB4	1	NA
U2SURP:TRRAP	1	NA
U2SURP:RASA4	1	NA
U2SURP:NUP205	1	NA
U2SURP:CSMD1	1	NA
U2SURP:PENK	1	NA
U2SURP:ZFHX4	1	NA
U2SURP:CNBD1	1	NA
U2SURP:NBN	1	NA
U2SURP:CSMD3	1	NA
U2SURP:MED30	1	NA
U2SURP:MYC	1	NA
U2SURP:BNC2	1	NA
U2SURP:ASTN2	1	NA
U2SURP:SETX	1	NA
U2SURP:CUBN	1	NA
U2SURP:RET	1	NA
U2SURP:PCDH15	1	NA
U2SURP:HERC4	1	NA
U2SURP:POLR3A	1	NA
U2SURP:GRID1	1	NA
U2SURP:CPXM2	1	NA
U2SURP:OR52N1	1	NA
U2SURP:ZNF215	1	NA
U2SURP:OR4C11	1	NA
U2SURP:C2CD3	1	NA
U2SURP:PDGFD	1	NA
P2RY13:P2RY13	1	NA
P2RY13:BCHE	1	NA
P2RY13:MECOM	1	NA
P2RY13:STK32B	1	NA
P2RY13:SEL1L3	1	NA
P2RY13:LIMCH1	1	NA
P2RY13:UGT2B10	1	NA
P2RY13:SHROOM3	1	NA
P2RY13:PDHA2	1	NA
P2RY13:ANK2	1	NA
P2RY13:PCDH18	1	NA
P2RY13:TRIML2	1	NA
P2RY13:6-Mar	1	NA
P2RY13:DNAH5	1	NA
P2RY13:PARP8	1	NA
P2RY13:MAP1B	1	NA
P2RY13:ADAMTS19	1	NA
P2RY13:RREB1	1	NA
P2RY13:COL11A2	1	NA
P2RY13:DAAM2	1	NA
P2RY13:KHDRBS2	1	NA
P2RY13:COL12A1	1	NA
P2RY13:ARHGAP18	1	NA
P2RY13:AKAP12	1	NA
P2RY13:BRAT1	1	NA
P2RY13:HECW1	1	NA
P2RY13:GTF2IRD2	1	NA
P2RY13:ABCB4	1	NA
P2RY13:TRRAP	1	NA
P2RY13:RASA4	1	NA
P2RY13:NUP205	1	NA
P2RY13:CSMD1	1	NA
P2RY13:PENK	1	NA
P2RY13:ZFHX4	1	NA
P2RY13:CNBD1	1	NA
P2RY13:NBN	1	NA
P2RY13:CSMD3	1	NA
P2RY13:MED30	1	NA
P2RY13:MYC	1	NA
P2RY13:BNC2	1	NA
P2RY13:ASTN2	1	NA
P2RY13:SETX	1	NA
P2RY13:CUBN	1	NA
P2RY13:RET	1	NA
P2RY13:PCDH15	1	NA
P2RY13:HERC4	1	NA
P2RY13:POLR3A	1	NA
P2RY13:GRID1	1	NA
P2RY13:CPXM2	1	NA
P2RY13:OR52N1	1	NA
P2RY13:ZNF215	1	NA
P2RY13:OR4C11	1	NA
P2RY13:C2CD3	1	NA
P2RY13:PDGFD	1	NA
BCHE:BCHE	1	NA
BCHE:MECOM	1	NA
BCHE:STK32B	1	NA
BCHE:SEL1L3	1	NA
BCHE:LIMCH1	1	NA
BCHE:UGT2B10	1	NA
BCHE:SHROOM3	1	NA
BCHE:PDHA2	1	NA
BCHE:ANK2	1	NA
BCHE:PCDH18	1	NA
BCHE:TRIML2	1	NA
BCHE:6-Mar	1	NA
BCHE:DNAH5	1	NA
BCHE:PARP8	1	NA
BCHE:MAP1B	1	NA
BCHE:ADAMTS19	1	NA
BCHE:RREB1	1	NA
BCHE:COL11A2	1	NA
BCHE:DAAM2	1	NA
BCHE:KHDRBS2	1	NA
BCHE:COL12A1	1	NA
BCHE:ARHGAP18	1	NA
BCHE:AKAP12	1	NA
BCHE:BRAT1	1	NA
BCHE:HECW1	1	NA
BCHE:GTF2IRD2	1	NA
BCHE:ABCB4	1	NA
BCHE:TRRAP	1	NA
BCHE:RASA4	1	NA
BCHE:NUP205	1	NA
BCHE:CSMD1	1	NA
BCHE:PENK	1	NA
BCHE:ZFHX4	1	NA
BCHE:CNBD1	1	NA
BCHE:NBN	1	NA
BCHE:CSMD3	1	NA
BCHE:MED30	1	NA
BCHE:MYC	1	NA
BCHE:BNC2	1	NA
BCHE:ASTN2	1	NA
BCHE:SETX	1	NA
BCHE:CUBN	1	NA
BCHE:RET	1	NA
BCHE:PCDH15	1	NA
BCHE:HERC4	1	NA
BCHE:POLR3A	1	NA
BCHE:GRID1	1	NA
BCHE:CPXM2	1	NA
BCHE:OR52N1	1	NA
BCHE:ZNF215	1	NA
BCHE:OR4C11	1	NA
BCHE:C2CD3	1	NA
BCHE:PDGFD	1	NA
MECOM:MECOM	1	NA
MECOM:STK32B	1	NA
MECOM:SEL1L3	1	NA
MECOM:LIMCH1	1	NA
MECOM:UGT2B10	1	NA
MECOM:SHROOM3	1	NA
MECOM:PDHA2	1	NA
MECOM:ANK2	1	NA
MECOM:PCDH18	1	NA
MECOM:TRIML2	1	NA
MECOM:6-Mar	1	NA
MECOM:DNAH5	1	NA
MECOM:PARP8	1	NA
MECOM:MAP1B	1	NA
MECOM:ADAMTS19	1	NA
MECOM:RREB1	1	NA
MECOM:COL11A2	1	NA
MECOM:DAAM2	1	NA
MECOM:KHDRBS2	1	NA
MECOM:COL12A1	1	NA
MECOM:ARHGAP18	1	NA
MECOM:AKAP12	1	NA
MECOM:BRAT1	1	NA
MECOM:HECW1	1	NA
MECOM:GTF2IRD2	1	NA
MECOM:ABCB4	1	NA
MECOM:TRRAP	1	NA
MECOM:RASA4	1	NA
MECOM:NUP205	1	NA
MECOM:CSMD1	1	NA
MECOM:PENK	1	NA
MECOM:ZFHX4	1	NA
MECOM:CNBD1	1	NA
MECOM:NBN	1	NA
MECOM:CSMD3	1	NA
MECOM:MED30	1	NA
MECOM:MYC	1	NA
MECOM:BNC2	1	NA
MECOM:ASTN2	1	NA
MECOM:SETX	1	NA
MECOM:CUBN	1	NA
MECOM:RET	1	NA
MECOM:PCDH15	1	NA
MECOM:HERC4	1	NA
MECOM:POLR3A	1	NA
MECOM:GRID1	1	NA
MECOM:CPXM2	1	NA
MECOM:OR52N1	1	NA
MECOM:ZNF215	1	NA
MECOM:OR4C11	1	NA
MECOM:C2CD3	1	NA
MECOM:PDGFD	1	NA
STK32B:STK32B	1	NA
STK32B:SEL1L3	1	NA
STK32B:LIMCH1	1	NA
STK32B:UGT2B10	1	NA
STK32B:SHROOM3	1	NA
STK32B:PDHA2	1	NA
STK32B:ANK2	1	NA
STK32B:PCDH18	1	NA
STK32B:TRIML2	1	NA
STK32B:6-Mar	1	NA
STK32B:DNAH5	1	NA
STK32B:PARP8	1	NA
STK32B:MAP1B	1	NA
STK32B:ADAMTS19	1	NA
STK32B:RREB1	1	NA
STK32B:COL11A2	1	NA
STK32B:DAAM2	1	NA
STK32B:KHDRBS2	1	NA
STK32B:COL12A1	1	NA
STK32B:ARHGAP18	1	NA
STK32B:AKAP12	1	NA
STK32B:BRAT1	1	NA
STK32B:HECW1	1	NA
STK32B:GTF2IRD2	1	NA
STK32B:ABCB4	1	NA
STK32B:TRRAP	1	NA
STK32B:RASA4	1	NA
STK32B:NUP205	1	NA
STK32B:CSMD1	1	NA
STK32B:PENK	1	NA
STK32B:ZFHX4	1	NA
STK32B:CNBD1	1	NA
STK32B:NBN	1	NA
STK32B:CSMD3	1	NA
STK32B:MED30	1	NA
STK32B:MYC	1	NA
STK32B:BNC2	1	NA
STK32B:ASTN2	1	NA
STK32B:SETX	1	NA
STK32B:CUBN	1	NA
STK32B:RET	1	NA
STK32B:PCDH15	1	NA
STK32B:HERC4	1	NA
STK32B:POLR3A	1	NA
STK32B:GRID1	1	NA
STK32B:CPXM2	1	NA
STK32B:OR52N1	1	NA
STK32B:ZNF215	1	NA
STK32B:OR4C11	1	NA
STK32B:C2CD3	1	NA
STK32B:PDGFD	1	NA
SEL1L3:SEL1L3	1	NA
SEL1L3:LIMCH1	1	NA
SEL1L3:UGT2B10	1	NA
SEL1L3:SHROOM3	1	NA
SEL1L3:PDHA2	1	NA
SEL1L3:ANK2	1	NA
SEL1L3:PCDH18	1	NA
SEL1L3:TRIML2	1	NA
SEL1L3:6-Mar	1	NA
SEL1L3:DNAH5	1	NA
SEL1L3:PARP8	1	NA
SEL1L3:MAP1B	1	NA
SEL1L3:ADAMTS19	1	NA
SEL1L3:RREB1	1	NA
SEL1L3:COL11A2	1	NA
SEL1L3:DAAM2	1	NA
SEL1L3:KHDRBS2	1	NA
SEL1L3:COL12A1	1	NA
SEL1L3:ARHGAP18	1	NA
SEL1L3:AKAP12	1	NA
SEL1L3:BRAT1	1	NA
SEL1L3:HECW1	1	NA
SEL1L3:GTF2IRD2	1	NA
SEL1L3:ABCB4	1	NA
SEL1L3:TRRAP	1	NA
SEL1L3:RASA4	1	NA
SEL1L3:NUP205	1	NA
SEL1L3:CSMD1	1	NA
SEL1L3:PENK	1	NA
SEL1L3:ZFHX4	1	NA
SEL1L3:CNBD1	1	NA
SEL1L3:NBN	1	NA
SEL1L3:CSMD3	1	NA
SEL1L3:MED30	1	NA
SEL1L3:MYC	1	NA
SEL1L3:BNC2	1	NA
SEL1L3:ASTN2	1	NA
SEL1L3:SETX	1	NA
SEL1L3:CUBN	1	NA
SEL1L3:RET	1	NA
SEL1L3:PCDH15	1	NA
SEL1L3:HERC4	1	NA
SEL1L3:POLR3A	1	NA
SEL1L3:GRID1	1	NA
SEL1L3:CPXM2	1	NA
SEL1L3:OR52N1	1	NA
SEL1L3:ZNF215	1	NA
SEL1L3:OR4C11	1	NA
SEL1L3:C2CD3	1	NA
SEL1L3:PDGFD	1	NA
LIMCH1:LIMCH1	1	NA
LIMCH1:UGT2B10	1	NA
LIMCH1:SHROOM3	1	NA
LIMCH1:PDHA2	1	NA
LIMCH1:ANK2	1	NA
LIMCH1:PCDH18	1	NA
LIMCH1:TRIML2	1	NA
LIMCH1:6-Mar	1	NA
LIMCH1:DNAH5	1	NA
LIMCH1:PARP8	1	NA
LIMCH1:MAP1B	1	NA
LIMCH1:ADAMTS19	1	NA
LIMCH1:RREB1	1	NA
LIMCH1:COL11A2	1	NA
LIMCH1:DAAM2	1	NA
LIMCH1:KHDRBS2	1	NA
LIMCH1:COL12A1	1	NA
LIMCH1:ARHGAP18	1	NA
LIMCH1:AKAP12	1	NA
LIMCH1:BRAT1	1	NA
LIMCH1:HECW1	1	NA
LIMCH1:GTF2IRD2	1	NA
LIMCH1:ABCB4	1	NA
LIMCH1:TRRAP	1	NA
LIMCH1:RASA4	1	NA
LIMCH1:NUP205	1	NA
LIMCH1:CSMD1	1	NA
LIMCH1:PENK	1	NA
LIMCH1:ZFHX4	1	NA
LIMCH1:CNBD1	1	NA
LIMCH1:NBN	1	NA
LIMCH1:CSMD3	1	NA
LIMCH1:MED30	1	NA
LIMCH1:MYC	1	NA
LIMCH1:BNC2	1	NA
LIMCH1:ASTN2	1	NA
LIMCH1:SETX	1	NA
LIMCH1:CUBN	1	NA
LIMCH1:RET	1	NA
LIMCH1:PCDH15	1	NA
LIMCH1:HERC4	1	NA
LIMCH1:POLR3A	1	NA
LIMCH1:GRID1	1	NA
LIMCH1:CPXM2	1	NA
LIMCH1:OR52N1	1	NA
LIMCH1:ZNF215	1	NA
LIMCH1:OR4C11	1	NA
LIMCH1:C2CD3	1	NA
LIMCH1:PDGFD	1	NA
UGT2B10:UGT2B10	1	NA
UGT2B10:SHROOM3	1	NA
UGT2B10:PDHA2	1	NA
UGT2B10:ANK2	1	NA
UGT2B10:PCDH18	1	NA
UGT2B10:TRIML2	1	NA
UGT2B10:6-Mar	1	NA
UGT2B10:DNAH5	1	NA
UGT2B10:PARP8	1	NA
UGT2B10:MAP1B	1	NA
UGT2B10:ADAMTS19	1	NA
UGT2B10:RREB1	1	NA
UGT2B10:COL11A2	1	NA
UGT2B10:DAAM2	1	NA
UGT2B10:KHDRBS2	1	NA
UGT2B10:COL12A1	1	NA
UGT2B10:ARHGAP18	1	NA
UGT2B10:AKAP12	1	NA
UGT2B10:BRAT1	1	NA
UGT2B10:HECW1	1	NA
UGT2B10:GTF2IRD2	1	NA
UGT2B10:ABCB4	1	NA
UGT2B10:TRRAP	1	NA
UGT2B10:RASA4	1	NA
UGT2B10:NUP205	1	NA
UGT2B10:CSMD1	1	NA
UGT2B10:PENK	1	NA
UGT2B10:ZFHX4	1	NA
UGT2B10:CNBD1	1	NA
UGT2B10:NBN	1	NA
UGT2B10:CSMD3	1	NA
UGT2B10:MED30	1	NA
UGT2B10:MYC	1	NA
UGT2B10:BNC2	1	NA
UGT2B10:ASTN2	1	NA
UGT2B10:SETX	1	NA
UGT2B10:CUBN	1	NA
UGT2B10:RET	1	NA
UGT2B10:PCDH15	1	NA
UGT2B10:HERC4	1	NA
UGT2B10:POLR3A	1	NA
UGT2B10:GRID1	1	NA
UGT2B10:CPXM2	1	NA
UGT2B10:OR52N1	1	NA
UGT2B10:ZNF215	1	NA
UGT2B10:OR4C11	1	NA
UGT2B10:C2CD3	1	NA
UGT2B10:PDGFD	1	NA
SHROOM3:SHROOM3	1	NA
SHROOM3:PDHA2	1	NA
SHROOM3:ANK2	1	NA
SHROOM3:PCDH18	1	NA
SHROOM3:TRIML2	1	NA
SHROOM3:6-Mar	1	NA
SHROOM3:DNAH5	1	NA
SHROOM3:PARP8	1	NA
SHROOM3:MAP1B	1	NA
SHROOM3:ADAMTS19	1	NA
SHROOM3:RREB1	1	NA
SHROOM3:COL11A2	1	NA
SHROOM3:DAAM2	1	NA
SHROOM3:KHDRBS2	1	NA
SHROOM3:COL12A1	1	NA
SHROOM3:ARHGAP18	1	NA
SHROOM3:AKAP12	1	NA
SHROOM3:BRAT1	1	NA
SHROOM3:HECW1	1	NA
SHROOM3:GTF2IRD2	1	NA
SHROOM3:ABCB4	1	NA
SHROOM3:TRRAP	1	NA
SHROOM3:RASA4	1	NA
SHROOM3:NUP205	1	NA
SHROOM3:CSMD1	1	NA
SHROOM3:PENK	1	NA
SHROOM3:ZFHX4	1	NA
SHROOM3:CNBD1	1	NA
SHROOM3:NBN	1	NA
SHROOM3:CSMD3	1	NA
SHROOM3:MED30	1	NA
SHROOM3:MYC	1	NA
SHROOM3:BNC2	1	NA
SHROOM3:ASTN2	1	NA
SHROOM3:SETX	1	NA
SHROOM3:CUBN	1	NA
SHROOM3:RET	1	NA
SHROOM3:PCDH15	1	NA
SHROOM3:HERC4	1	NA
SHROOM3:POLR3A	1	NA
SHROOM3:GRID1	1	NA
SHROOM3:CPXM2	1	NA
SHROOM3:OR52N1	1	NA
SHROOM3:ZNF215	1	NA
SHROOM3:OR4C11	1	NA
SHROOM3:C2CD3	1	NA
SHROOM3:PDGFD	1	NA
PDHA2:PDHA2	1	NA
PDHA2:ANK2	1	NA
PDHA2:PCDH18	1	NA
PDHA2:TRIML2	1	NA
PDHA2:6-Mar	1	NA
PDHA2:DNAH5	1	NA
PDHA2:PARP8	1	NA
PDHA2:MAP1B	1	NA
PDHA2:ADAMTS19	1	NA
PDHA2:RREB1	1	NA
PDHA2:COL11A2	1	NA
PDHA2:DAAM2	1	NA
PDHA2:KHDRBS2	1	NA
PDHA2:COL12A1	1	NA
PDHA2:ARHGAP18	1	NA
PDHA2:AKAP12	1	NA
PDHA2:BRAT1	1	NA
PDHA2:HECW1	1	NA
PDHA2:GTF2IRD2	1	NA
PDHA2:ABCB4	1	NA
PDHA2:TRRAP	1	NA
PDHA2:RASA4	1	NA
PDHA2:NUP205	1	NA
PDHA2:CSMD1	1	NA
PDHA2:PENK	1	NA
PDHA2:ZFHX4	1	NA
PDHA2:CNBD1	1	NA
PDHA2:NBN	1	NA
PDHA2:CSMD3	1	NA
PDHA2:MED30	1	NA
PDHA2:MYC	1	NA
PDHA2:BNC2	1	NA
PDHA2:ASTN2	1	NA
PDHA2:SETX	1	NA
PDHA2:CUBN	1	NA
PDHA2:RET	1	NA
PDHA2:PCDH15	1	NA
PDHA2:HERC4	1	NA
PDHA2:POLR3A	1	NA
PDHA2:GRID1	1	NA
PDHA2:CPXM2	1	NA
PDHA2:OR52N1	1	NA
PDHA2:ZNF215	1	NA
PDHA2:OR4C11	1	NA
PDHA2:C2CD3	1	NA
PDHA2:PDGFD	1	NA
ANK2:ANK2	1	NA
ANK2:PCDH18	1	NA
ANK2:TRIML2	1	NA
ANK2:6-Mar	1	NA
ANK2:DNAH5	1	NA
ANK2:PARP8	1	NA
ANK2:MAP1B	1	NA
ANK2:ADAMTS19	1	NA
ANK2:RREB1	1	NA
ANK2:COL11A2	1	NA
ANK2:DAAM2	1	NA
ANK2:KHDRBS2	1	NA
ANK2:COL12A1	1	NA
ANK2:ARHGAP18	1	NA
ANK2:AKAP12	1	NA
ANK2:BRAT1	1	NA
ANK2:HECW1	1	NA
ANK2:GTF2IRD2	1	NA
ANK2:ABCB4	1	NA
ANK2:TRRAP	1	NA
ANK2:RASA4	1	NA
ANK2:NUP205	1	NA
ANK2:CSMD1	1	NA
ANK2:PENK	1	NA
ANK2:ZFHX4	1	NA
ANK2:CNBD1	1	NA
ANK2:NBN	1	NA
ANK2:CSMD3	1	NA
ANK2:MED30	1	NA
ANK2:MYC	1	NA
ANK2:BNC2	1	NA
ANK2:ASTN2	1	NA
ANK2:SETX	1	NA
ANK2:CUBN	1	NA
ANK2:RET	1	NA
ANK2:PCDH15	1	NA
ANK2:HERC4	1	NA
ANK2:POLR3A	1	NA
ANK2:GRID1	1	NA
ANK2:CPXM2	1	NA
ANK2:OR52N1	1	NA
ANK2:ZNF215	1	NA
ANK2:OR4C11	1	NA
ANK2:C2CD3	1	NA
ANK2:PDGFD	1	NA
PCDH18:PCDH18	1	NA
PCDH18:TRIML2	1	NA
PCDH18:6-Mar	1	NA
PCDH18:DNAH5	1	NA
PCDH18:PARP8	1	NA
PCDH18:MAP1B	1	NA
PCDH18:ADAMTS19	1	NA
PCDH18:RREB1	1	NA
PCDH18:COL11A2	1	NA
PCDH18:DAAM2	1	NA
PCDH18:KHDRBS2	1	NA
PCDH18:COL12A1	1	NA
PCDH18:ARHGAP18	1	NA
PCDH18:AKAP12	1	NA
PCDH18:BRAT1	1	NA
PCDH18:HECW1	1	NA
PCDH18:GTF2IRD2	1	NA
PCDH18:ABCB4	1	NA
PCDH18:TRRAP	1	NA
PCDH18:RASA4	1	NA
PCDH18:NUP205	1	NA
PCDH18:CSMD1	1	NA
PCDH18:PENK	1	NA
PCDH18:ZFHX4	1	NA
PCDH18:CNBD1	1	NA
PCDH18:NBN	1	NA
PCDH18:CSMD3	1	NA
PCDH18:MED30	1	NA
PCDH18:MYC	1	NA
PCDH18:BNC2	1	NA
PCDH18:ASTN2	1	NA
PCDH18:SETX	1	NA
PCDH18:CUBN	1	NA
PCDH18:RET	1	NA
PCDH18:PCDH15	1	NA
PCDH18:HERC4	1	NA
PCDH18:POLR3A	1	NA
PCDH18:GRID1	1	NA
PCDH18:CPXM2	1	NA
PCDH18:OR52N1	1	NA
PCDH18:ZNF215	1	NA
PCDH18:OR4C11	1	NA
PCDH18:C2CD3	1	NA
PCDH18:PDGFD	1	NA
TRIML2:TRIML2	1	NA
TRIML2:6-Mar	1	NA
TRIML2:DNAH5	1	NA
TRIML2:PARP8	1	NA
TRIML2:MAP1B	1	NA
TRIML2:ADAMTS19	1	NA
TRIML2:RREB1	1	NA
TRIML2:COL11A2	1	NA
TRIML2:DAAM2	1	NA
TRIML2:KHDRBS2	1	NA
TRIML2:COL12A1	1	NA
TRIML2:ARHGAP18	1	NA
TRIML2:AKAP12	1	NA
TRIML2:BRAT1	1	NA
TRIML2:HECW1	1	NA
TRIML2:GTF2IRD2	1	NA
TRIML2:ABCB4	1	NA
TRIML2:TRRAP	1	NA
TRIML2:RASA4	1	NA
TRIML2:NUP205	1	NA
TRIML2:CSMD1	1	NA
TRIML2:PENK	1	NA
TRIML2:ZFHX4	1	NA
TRIML2:CNBD1	1	NA
TRIML2:NBN	1	NA
TRIML2:CSMD3	1	NA
TRIML2:MED30	1	NA
TRIML2:MYC	1	NA
TRIML2:BNC2	1	NA
TRIML2:ASTN2	1	NA
TRIML2:SETX	1	NA
TRIML2:CUBN	1	NA
TRIML2:RET	1	NA
TRIML2:PCDH15	1	NA
TRIML2:HERC4	1	NA
TRIML2:POLR3A	1	NA
TRIML2:GRID1	1	NA
TRIML2:CPXM2	1	NA
TRIML2:OR52N1	1	NA
TRIML2:ZNF215	1	NA
TRIML2:OR4C11	1	NA
TRIML2:C2CD3	1	NA
TRIML2:PDGFD	1	NA
6-Mar:6-Mar	1	NA
6-Mar:DNAH5	1	NA
6-Mar:PARP8	1	NA
6-Mar:MAP1B	1	NA
6-Mar:ADAMTS19	1	NA
6-Mar:RREB1	1	NA
6-Mar:COL11A2	1	NA
6-Mar:DAAM2	1	NA
6-Mar:KHDRBS2	1	NA
6-Mar:COL12A1	1	NA
6-Mar:ARHGAP18	1	NA
6-Mar:AKAP12	1	NA
6-Mar:BRAT1	1	NA
6-Mar:HECW1	1	NA
6-Mar:GTF2IRD2	1	NA
6-Mar:ABCB4	1	NA
6-Mar:TRRAP	1	NA
6-Mar:RASA4	1	NA
6-Mar:NUP205	1	NA
6-Mar:CSMD1	1	NA
6-Mar:PENK	1	NA
6-Mar:ZFHX4	1	NA
6-Mar:CNBD1	1	NA
6-Mar:NBN	1	NA
6-Mar:CSMD3	1	NA
6-Mar:MED30	1	NA
6-Mar:MYC	1	NA
6-Mar:BNC2	1	NA
6-Mar:ASTN2	1	NA
6-Mar:SETX	1	NA
6-Mar:CUBN	1	NA
6-Mar:RET	1	NA
6-Mar:PCDH15	1	NA
6-Mar:HERC4	1	NA
6-Mar:POLR3A	1	NA
6-Mar:GRID1	1	NA
6-Mar:CPXM2	1	NA
6-Mar:OR52N1	1	NA
6-Mar:ZNF215	1	NA
6-Mar:OR4C11	1	NA
6-Mar:C2CD3	1	NA
6-Mar:PDGFD	1	NA
DNAH5:DNAH5	1	NA
DNAH5:PARP8	1	NA
DNAH5:MAP1B	1	NA
DNAH5:ADAMTS19	1	NA
DNAH5:RREB1	1	NA
DNAH5:COL11A2	1	NA
DNAH5:DAAM2	1	NA
DNAH5:KHDRBS2	1	NA
DNAH5:COL12A1	1	NA
DNAH5:ARHGAP18	1	NA
DNAH5:AKAP12	1	NA
DNAH5:BRAT1	1	NA
DNAH5:HECW1	1	NA
DNAH5:GTF2IRD2	1	NA
DNAH5:ABCB4	1	NA
DNAH5:TRRAP	1	NA
DNAH5:RASA4	1	NA
DNAH5:NUP205	1	NA
DNAH5:CSMD1	1	NA
DNAH5:PENK	1	NA
DNAH5:ZFHX4	1	NA
DNAH5:CNBD1	1	NA
DNAH5:NBN	1	NA
DNAH5:CSMD3	1	NA
DNAH5:MED30	1	NA
DNAH5:MYC	1	NA
DNAH5:BNC2	1	NA
DNAH5:ASTN2	1	NA
DNAH5:SETX	1	NA
DNAH5:CUBN	1	NA
DNAH5:RET	1	NA
DNAH5:PCDH15	1	NA
DNAH5:HERC4	1	NA
DNAH5:POLR3A	1	NA
DNAH5:GRID1	1	NA
DNAH5:CPXM2	1	NA
DNAH5:OR52N1	1	NA
DNAH5:ZNF215	1	NA
DNAH5:OR4C11	1	NA
DNAH5:C2CD3	1	NA
DNAH5:PDGFD	1	NA
PARP8:PARP8	1	NA
PARP8:MAP1B	1	NA
PARP8:ADAMTS19	1	NA
PARP8:RREB1	1	NA
PARP8:COL11A2	1	NA
PARP8:DAAM2	1	NA
PARP8:KHDRBS2	1	NA
PARP8:COL12A1	1	NA
PARP8:ARHGAP18	1	NA
PARP8:AKAP12	1	NA
PARP8:BRAT1	1	NA
PARP8:HECW1	1	NA
PARP8:GTF2IRD2	1	NA
PARP8:ABCB4	1	NA
PARP8:TRRAP	1	NA
PARP8:RASA4	1	NA
PARP8:NUP205	1	NA
PARP8:CSMD1	1	NA
PARP8:PENK	1	NA
PARP8:ZFHX4	1	NA
PARP8:CNBD1	1	NA
PARP8:NBN	1	NA
PARP8:CSMD3	1	NA
PARP8:MED30	1	NA
PARP8:MYC	1	NA
PARP8:BNC2	1	NA
PARP8:ASTN2	1	NA
PARP8:SETX	1	NA
PARP8:CUBN	1	NA
PARP8:RET	1	NA
PARP8:PCDH15	1	NA
PARP8:HERC4	1	NA
PARP8:POLR3A	1	NA
PARP8:GRID1	1	NA
PARP8:CPXM2	1	NA
PARP8:OR52N1	1	NA
PARP8:ZNF215	1	NA
PARP8:OR4C11	1	NA
PARP8:C2CD3	1	NA
PARP8:PDGFD	1	NA
MAP1B:MAP1B	1	NA
MAP1B:ADAMTS19	1	NA
MAP1B:RREB1	1	NA
MAP1B:COL11A2	1	NA
MAP1B:DAAM2	1	NA
MAP1B:KHDRBS2	1	NA
MAP1B:COL12A1	1	NA
MAP1B:ARHGAP18	1	NA
MAP1B:AKAP12	1	NA
MAP1B:BRAT1	1	NA
MAP1B:HECW1	1	NA
MAP1B:GTF2IRD2	1	NA
MAP1B:ABCB4	1	NA
MAP1B:TRRAP	1	NA
MAP1B:RASA4	1	NA
MAP1B:NUP205	1	NA
MAP1B:CSMD1	1	NA
MAP1B:PENK	1	NA
MAP1B:ZFHX4	1	NA
MAP1B:CNBD1	1	NA
MAP1B:NBN	1	NA
MAP1B:CSMD3	1	NA
MAP1B:MED30	1	NA
MAP1B:MYC	1	NA
MAP1B:BNC2	1	NA
MAP1B:ASTN2	1	NA
MAP1B:SETX	1	NA
MAP1B:CUBN	1	NA
MAP1B:RET	1	NA
MAP1B:PCDH15	1	NA
MAP1B:HERC4	1	NA
MAP1B:POLR3A	1	NA
MAP1B:GRID1	1	NA
MAP1B:CPXM2	1	NA
MAP1B:OR52N1	1	NA
MAP1B:ZNF215	1	NA
MAP1B:OR4C11	1	NA
MAP1B:C2CD3	1	NA
MAP1B:PDGFD	1	NA
ADAMTS19:ADAMTS19	1	NA
ADAMTS19:RREB1	1	NA
ADAMTS19:COL11A2	1	NA
ADAMTS19:DAAM2	1	NA
ADAMTS19:KHDRBS2	1	NA
ADAMTS19:COL12A1	1	NA
ADAMTS19:ARHGAP18	1	NA
ADAMTS19:AKAP12	1	NA
ADAMTS19:BRAT1	1	NA
ADAMTS19:HECW1	1	NA
ADAMTS19:GTF2IRD2	1	NA
ADAMTS19:ABCB4	1	NA
ADAMTS19:TRRAP	1	NA
ADAMTS19:RASA4	1	NA
ADAMTS19:NUP205	1	NA
ADAMTS19:CSMD1	1	NA
ADAMTS19:PENK	1	NA
ADAMTS19:ZFHX4	1	NA
ADAMTS19:CNBD1	1	NA
ADAMTS19:NBN	1	NA
ADAMTS19:CSMD3	1	NA
ADAMTS19:MED30	1	NA
ADAMTS19:MYC	1	NA
ADAMTS19:BNC2	1	NA
ADAMTS19:ASTN2	1	NA
ADAMTS19:SETX	1	NA
ADAMTS19:CUBN	1	NA
ADAMTS19:RET	1	NA
ADAMTS19:PCDH15	1	NA
ADAMTS19:HERC4	1	NA
ADAMTS19:POLR3A	1	NA
ADAMTS19:GRID1	1	NA
ADAMTS19:CPXM2	1	NA
ADAMTS19:OR52N1	1	NA
ADAMTS19:ZNF215	1	NA
ADAMTS19:OR4C11	1	NA
ADAMTS19:C2CD3	1	NA
ADAMTS19:PDGFD	1	NA
RREB1:RREB1	1	NA
RREB1:COL11A2	1	NA
RREB1:DAAM2	1	NA
RREB1:KHDRBS2	1	NA
RREB1:COL12A1	1	NA
RREB1:ARHGAP18	1	NA
RREB1:AKAP12	1	NA
RREB1:BRAT1	1	NA
RREB1:HECW1	1	NA
RREB1:GTF2IRD2	1	NA
RREB1:ABCB4	1	NA
RREB1:TRRAP	1	NA
RREB1:RASA4	1	NA
RREB1:NUP205	1	NA
RREB1:CSMD1	1	NA
RREB1:PENK	1	NA
RREB1:ZFHX4	1	NA
RREB1:CNBD1	1	NA
RREB1:NBN	1	NA
RREB1:CSMD3	1	NA
RREB1:MED30	1	NA
RREB1:MYC	1	NA
RREB1:BNC2	1	NA
RREB1:ASTN2	1	NA
RREB1:SETX	1	NA
RREB1:CUBN	1	NA
RREB1:RET	1	NA
RREB1:PCDH15	1	NA
RREB1:HERC4	1	NA
RREB1:POLR3A	1	NA
RREB1:GRID1	1	NA
RREB1:CPXM2	1	NA
RREB1:OR52N1	1	NA
RREB1:ZNF215	1	NA
RREB1:OR4C11	1	NA
RREB1:C2CD3	1	NA
RREB1:PDGFD	1	NA
COL11A2:COL11A2	1	NA
COL11A2:DAAM2	1	NA
COL11A2:KHDRBS2	1	NA
COL11A2:COL12A1	1	NA
COL11A2:ARHGAP18	1	NA
COL11A2:AKAP12	1	NA
COL11A2:BRAT1	1	NA
COL11A2:HECW1	1	NA
COL11A2:GTF2IRD2	1	NA
COL11A2:ABCB4	1	NA
COL11A2:TRRAP	1	NA
COL11A2:RASA4	1	NA
COL11A2:NUP205	1	NA
COL11A2:CSMD1	1	NA
COL11A2:PENK	1	NA
COL11A2:ZFHX4	1	NA
COL11A2:CNBD1	1	NA
COL11A2:NBN	1	NA
COL11A2:CSMD3	1	NA
COL11A2:MED30	1	NA
COL11A2:MYC	1	NA
COL11A2:BNC2	1	NA
COL11A2:ASTN2	1	NA
COL11A2:SETX	1	NA
COL11A2:CUBN	1	NA
COL11A2:RET	1	NA
COL11A2:PCDH15	1	NA
COL11A2:HERC4	1	NA
COL11A2:POLR3A	1	NA
COL11A2:GRID1	1	NA
COL11A2:CPXM2	1	NA
COL11A2:OR52N1	1	NA
COL11A2:ZNF215	1	NA
COL11A2:OR4C11	1	NA
COL11A2:C2CD3	1	NA
COL11A2:PDGFD	1	NA
DAAM2:DAAM2	1	NA
DAAM2:KHDRBS2	1	NA
DAAM2:COL12A1	1	NA
DAAM2:ARHGAP18	1	NA
DAAM2:AKAP12	1	NA
DAAM2:BRAT1	1	NA
DAAM2:HECW1	1	NA
DAAM2:GTF2IRD2	1	NA
DAAM2:ABCB4	1	NA
DAAM2:TRRAP	1	NA
DAAM2:RASA4	1	NA
DAAM2:NUP205	1	NA
DAAM2:CSMD1	1	NA
DAAM2:PENK	1	NA
DAAM2:ZFHX4	1	NA
DAAM2:CNBD1	1	NA
DAAM2:NBN	1	NA
DAAM2:CSMD3	1	NA
DAAM2:MED30	1	NA
DAAM2:MYC	1	NA
DAAM2:BNC2	1	NA
DAAM2:ASTN2	1	NA
DAAM2:SETX	1	NA
DAAM2:CUBN	1	NA
DAAM2:RET	1	NA
DAAM2:PCDH15	1	NA
DAAM2:HERC4	1	NA
DAAM2:POLR3A	1	NA
DAAM2:GRID1	1	NA
DAAM2:CPXM2	1	NA
DAAM2:OR52N1	1	NA
DAAM2:ZNF215	1	NA
DAAM2:OR4C11	1	NA
DAAM2:C2CD3	1	NA
DAAM2:PDGFD	1	NA
KHDRBS2:KHDRBS2	1	NA
KHDRBS2:COL12A1	1	NA
KHDRBS2:ARHGAP18	1	NA
KHDRBS2:AKAP12	1	NA
KHDRBS2:BRAT1	1	NA
KHDRBS2:HECW1	1	NA
KHDRBS2:GTF2IRD2	1	NA
KHDRBS2:ABCB4	1	NA
KHDRBS2:TRRAP	1	NA
KHDRBS2:RASA4	1	NA
KHDRBS2:NUP205	1	NA
KHDRBS2:CSMD1	1	NA
KHDRBS2:PENK	1	NA
KHDRBS2:ZFHX4	1	NA
KHDRBS2:CNBD1	1	NA
KHDRBS2:NBN	1	NA
KHDRBS2:CSMD3	1	NA
KHDRBS2:MED30	1	NA
KHDRBS2:MYC	1	NA
KHDRBS2:BNC2	1	NA
KHDRBS2:ASTN2	1	NA
KHDRBS2:SETX	1	NA
KHDRBS2:CUBN	1	NA
KHDRBS2:RET	1	NA
KHDRBS2:PCDH15	1	NA
KHDRBS2:HERC4	1	NA
KHDRBS2:POLR3A	1	NA
KHDRBS2:GRID1	1	NA
KHDRBS2:CPXM2	1	NA
KHDRBS2:OR52N1	1	NA
KHDRBS2:ZNF215	1	NA
KHDRBS2:OR4C11	1	NA
KHDRBS2:C2CD3	1	NA
KHDRBS2:PDGFD	1	NA
COL12A1:COL12A1	1	NA
COL12A1:ARHGAP18	1	NA
COL12A1:AKAP12	1	NA
COL12A1:BRAT1	1	NA
COL12A1:HECW1	1	NA
COL12A1:GTF2IRD2	1	NA
COL12A1:ABCB4	1	NA
COL12A1:TRRAP	1	NA
COL12A1:RASA4	1	NA
COL12A1:NUP205	1	NA
COL12A1:CSMD1	1	NA
COL12A1:PENK	1	NA
COL12A1:ZFHX4	1	NA
COL12A1:CNBD1	1	NA
COL12A1:NBN	1	NA
COL12A1:CSMD3	1	NA
COL12A1:MED30	1	NA
COL12A1:MYC	1	NA
COL12A1:BNC2	1	NA
COL12A1:ASTN2	1	NA
COL12A1:SETX	1	NA
COL12A1:CUBN	1	NA
COL12A1:RET	1	NA
COL12A1:PCDH15	1	NA
COL12A1:HERC4	1	NA
COL12A1:POLR3A	1	NA
COL12A1:GRID1	1	NA
COL12A1:CPXM2	1	NA
COL12A1:OR52N1	1	NA
COL12A1:ZNF215	1	NA
COL12A1:OR4C11	1	NA
COL12A1:C2CD3	1	NA
COL12A1:PDGFD	1	NA
ARHGAP18:ARHGAP18	1	NA
ARHGAP18:AKAP12	1	NA
ARHGAP18:BRAT1	1	NA
ARHGAP18:HECW1	1	NA
ARHGAP18:GTF2IRD2	1	NA
ARHGAP18:ABCB4	1	NA
ARHGAP18:TRRAP	1	NA
ARHGAP18:RASA4	1	NA
ARHGAP18:NUP205	1	NA
ARHGAP18:CSMD1	1	NA
ARHGAP18:PENK	1	NA
ARHGAP18:ZFHX4	1	NA
ARHGAP18:CNBD1	1	NA
ARHGAP18:NBN	1	NA
ARHGAP18:CSMD3	1	NA
ARHGAP18:MED30	1	NA
ARHGAP18:MYC	1	NA
ARHGAP18:BNC2	1	NA
ARHGAP18:ASTN2	1	NA
ARHGAP18:SETX	1	NA
ARHGAP18:CUBN	1	NA
ARHGAP18:RET	1	NA
ARHGAP18:PCDH15	1	NA
ARHGAP18:HERC4	1	NA
ARHGAP18:POLR3A	1	NA
ARHGAP18:GRID1	1	NA
ARHGAP18:CPXM2	1	NA
ARHGAP18:OR52N1	1	NA
ARHGAP18:ZNF215	1	NA
ARHGAP18:OR4C11	1	NA
ARHGAP18:C2CD3	1	NA
ARHGAP18:PDGFD	1	NA
AKAP12:AKAP12	1	NA
AKAP12:BRAT1	1	NA
AKAP12:HECW1	1	NA
AKAP12:GTF2IRD2	1	NA
AKAP12:ABCB4	1	NA
AKAP12:TRRAP	1	NA
AKAP12:RASA4	1	NA
AKAP12:NUP205	1	NA
AKAP12:CSMD1	1	NA
AKAP12:PENK	1	NA
AKAP12:ZFHX4	1	NA
AKAP12:CNBD1	1	NA
AKAP12:NBN	1	NA
AKAP12:CSMD3	1	NA
AKAP12:MED30	1	NA
AKAP12:MYC	1	NA
AKAP12:BNC2	1	NA
AKAP12:ASTN2	1	NA
AKAP12:SETX	1	NA
AKAP12:CUBN	1	NA
AKAP12:RET	1	NA
AKAP12:PCDH15	1	NA
AKAP12:HERC4	1	NA
AKAP12:POLR3A	1	NA
AKAP12:GRID1	1	NA
AKAP12:CPXM2	1	NA
AKAP12:OR52N1	1	NA
AKAP12:ZNF215	1	NA
AKAP12:OR4C11	1	NA
AKAP12:C2CD3	1	NA
AKAP12:PDGFD	1	NA
BRAT1:BRAT1	1	NA
BRAT1:HECW1	1	NA
BRAT1:GTF2IRD2	1	NA
BRAT1:ABCB4	1	NA
BRAT1:TRRAP	1	NA
BRAT1:RASA4	1	NA
BRAT1:NUP205	1	NA
BRAT1:CSMD1	1	NA
BRAT1:PENK	1	NA
BRAT1:ZFHX4	1	NA
BRAT1:CNBD1	1	NA
BRAT1:NBN	1	NA
BRAT1:CSMD3	1	NA
BRAT1:MED30	1	NA
BRAT1:MYC	1	NA
BRAT1:BNC2	1	NA
BRAT1:ASTN2	1	NA
BRAT1:SETX	1	NA
BRAT1:CUBN	1	NA
BRAT1:RET	1	NA
BRAT1:PCDH15	1	NA
BRAT1:HERC4	1	NA
BRAT1:POLR3A	1	NA
BRAT1:GRID1	1	NA
BRAT1:CPXM2	1	NA
BRAT1:OR52N1	1	NA
BRAT1:ZNF215	1	NA
BRAT1:OR4C11	1	NA
BRAT1:C2CD3	1	NA
BRAT1:PDGFD	1	NA
HECW1:HECW1	1	NA
HECW1:GTF2IRD2	1	NA
HECW1:ABCB4	1	NA
HECW1:TRRAP	1	NA
HECW1:RASA4	1	NA
HECW1:NUP205	1	NA
HECW1:CSMD1	1	NA
HECW1:PENK	1	NA
HECW1:ZFHX4	1	NA
HECW1:CNBD1	1	NA
HECW1:NBN	1	NA
HECW1:CSMD3	1	NA
HECW1:MED30	1	NA
HECW1:MYC	1	NA
HECW1:BNC2	1	NA
HECW1:ASTN2	1	NA
HECW1:SETX	1	NA
HECW1:CUBN	1	NA
HECW1:RET	1	NA
HECW1:PCDH15	1	NA
HECW1:HERC4	1	NA
HECW1:POLR3A	1	NA
HECW1:GRID1	1	NA
HECW1:CPXM2	1	NA
HECW1:OR52N1	1	NA
HECW1:ZNF215	1	NA
HECW1:OR4C11	1	NA
HECW1:C2CD3	1	NA
HECW1:PDGFD	1	NA
GTF2IRD2:GTF2IRD2	1	NA
GTF2IRD2:ABCB4	1	NA
GTF2IRD2:TRRAP	1	NA
GTF2IRD2:RASA4	1	NA
GTF2IRD2:NUP205	1	NA
GTF2IRD2:CSMD1	1	NA
GTF2IRD2:PENK	1	NA
GTF2IRD2:ZFHX4	1	NA
GTF2IRD2:CNBD1	1	NA
GTF2IRD2:NBN	1	NA
GTF2IRD2:CSMD3	1	NA
GTF2IRD2:MED30	1	NA
GTF2IRD2:MYC	1	NA
GTF2IRD2:BNC2	1	NA
GTF2IRD2:ASTN2	1	NA
GTF2IRD2:SETX	1	NA
GTF2IRD2:CUBN	1	NA
GTF2IRD2:RET	1	NA
GTF2IRD2:PCDH15	1	NA
GTF2IRD2:HERC4	1	NA
GTF2IRD2:POLR3A	1	NA
GTF2IRD2:GRID1	1	NA
GTF2IRD2:CPXM2	1	NA
GTF2IRD2:OR52N1	1	NA
GTF2IRD2:ZNF215	1	NA
GTF2IRD2:OR4C11	1	NA
GTF2IRD2:C2CD3	1	NA
GTF2IRD2:PDGFD	1	NA
ABCB4:ABCB4	1	NA
ABCB4:TRRAP	1	NA
ABCB4:RASA4	1	NA
ABCB4:NUP205	1	NA
ABCB4:CSMD1	1	NA
ABCB4:PENK	1	NA
ABCB4:ZFHX4	1	NA
ABCB4:CNBD1	1	NA
ABCB4:NBN	1	NA
ABCB4:CSMD3	1	NA
ABCB4:MED30	1	NA
ABCB4:MYC	1	NA
ABCB4:BNC2	1	NA
ABCB4:ASTN2	1	NA
ABCB4:SETX	1	NA
ABCB4:CUBN	1	NA
ABCB4:RET	1	NA
ABCB4:PCDH15	1	NA
ABCB4:HERC4	1	NA
ABCB4:POLR3A	1	NA
ABCB4:GRID1	1	NA
ABCB4:CPXM2	1	NA
ABCB4:OR52N1	1	NA
ABCB4:ZNF215	1	NA
ABCB4:OR4C11	1	NA
ABCB4:C2CD3	1	NA
ABCB4:PDGFD	1	NA
TRRAP:TRRAP	1	NA
TRRAP:RASA4	1	NA
TRRAP:NUP205	1	NA
TRRAP:CSMD1	1	NA
TRRAP:PENK	1	NA
TRRAP:ZFHX4	1	NA
TRRAP:CNBD1	1	NA
TRRAP:NBN	1	NA
TRRAP:CSMD3	1	NA
TRRAP:MED30	1	NA
TRRAP:MYC	1	NA
TRRAP:BNC2	1	NA
TRRAP:ASTN2	1	NA
TRRAP:SETX	1	NA
TRRAP:CUBN	1	NA
TRRAP:RET	1	NA
TRRAP:PCDH15	1	NA
TRRAP:HERC4	1	NA
TRRAP:POLR3A	1	NA
TRRAP:GRID1	1	NA
TRRAP:CPXM2	1	NA
TRRAP:OR52N1	1	NA
TRRAP:ZNF215	1	NA
TRRAP:OR4C11	1	NA
TRRAP:C2CD3	1	NA
TRRAP:PDGFD	1	NA
RASA4:RASA4	1	NA
RASA4:NUP205	1	NA
RASA4:CSMD1	1	NA
RASA4:PENK	1	NA
RASA4:ZFHX4	1	NA
RASA4:CNBD1	1	NA
RASA4:NBN	1	NA
RASA4:CSMD3	1	NA
RASA4:MED30	1	NA
RASA4:MYC	1	NA
RASA4:BNC2	1	NA
RASA4:ASTN2	1	NA
RASA4:SETX	1	NA
RASA4:CUBN	1	NA
RASA4:RET	1	NA
RASA4:PCDH15	1	NA
RASA4:HERC4	1	NA
RASA4:POLR3A	1	NA
RASA4:GRID1	1	NA
RASA4:CPXM2	1	NA
RASA4:OR52N1	1	NA
RASA4:ZNF215	1	NA
RASA4:OR4C11	1	NA
RASA4:C2CD3	1	NA
RASA4:PDGFD	1	NA
NUP205:NUP205	1	NA
NUP205:CSMD1	1	NA
NUP205:PENK	1	NA
NUP205:ZFHX4	1	NA
NUP205:CNBD1	1	NA
NUP205:NBN	1	NA
NUP205:CSMD3	1	NA
NUP205:MED30	1	NA
NUP205:MYC	1	NA
NUP205:BNC2	1	NA
NUP205:ASTN2	1	NA
NUP205:SETX	1	NA
NUP205:CUBN	1	NA
NUP205:RET	1	NA
NUP205:PCDH15	1	NA
NUP205:HERC4	1	NA
NUP205:POLR3A	1	NA
NUP205:GRID1	1	NA
NUP205:CPXM2	1	NA
NUP205:OR52N1	1	NA
NUP205:ZNF215	1	NA
NUP205:OR4C11	1	NA
NUP205:C2CD3	1	NA
NUP205:PDGFD	1	NA
CSMD1:CSMD1	1	NA
CSMD1:PENK	1	NA
CSMD1:ZFHX4	1	NA
CSMD1:CNBD1	1	NA
CSMD1:NBN	1	NA
CSMD1:CSMD3	1	NA
CSMD1:MED30	1	NA
CSMD1:MYC	1	NA
CSMD1:BNC2	1	NA
CSMD1:ASTN2	1	NA
CSMD1:SETX	1	NA
CSMD1:CUBN	1	NA
CSMD1:RET	1	NA
CSMD1:PCDH15	1	NA
CSMD1:HERC4	1	NA
CSMD1:POLR3A	1	NA
CSMD1:GRID1	1	NA
CSMD1:CPXM2	1	NA
CSMD1:OR52N1	1	NA
CSMD1:ZNF215	1	NA
CSMD1:OR4C11	1	NA
CSMD1:C2CD3	1	NA
CSMD1:PDGFD	1	NA
PENK:PENK	1	NA
PENK:ZFHX4	1	NA
PENK:CNBD1	1	NA
PENK:NBN	1	NA
PENK:CSMD3	1	NA
PENK:MED30	1	NA
PENK:MYC	1	NA
PENK:BNC2	1	NA
PENK:ASTN2	1	NA
PENK:SETX	1	NA
PENK:CUBN	1	NA
PENK:RET	1	NA
PENK:PCDH15	1	NA
PENK:HERC4	1	NA
PENK:POLR3A	1	NA
PENK:GRID1	1	NA
PENK:CPXM2	1	NA
PENK:OR52N1	1	NA
PENK:ZNF215	1	NA
PENK:OR4C11	1	NA
PENK:C2CD3	1	NA
PENK:PDGFD	1	NA
ZFHX4:ZFHX4	1	NA
ZFHX4:CNBD1	1	NA
ZFHX4:NBN	1	NA
ZFHX4:CSMD3	1	NA
ZFHX4:MED30	1	NA
ZFHX4:MYC	1	NA
ZFHX4:BNC2	1	NA
ZFHX4:ASTN2	1	NA
ZFHX4:SETX	1	NA
ZFHX4:CUBN	1	NA
ZFHX4:RET	1	NA
ZFHX4:PCDH15	1	NA
ZFHX4:HERC4	1	NA
ZFHX4:POLR3A	1	NA
ZFHX4:GRID1	1	NA
ZFHX4:CPXM2	1	NA
ZFHX4:OR52N1	1	NA
ZFHX4:ZNF215	1	NA
ZFHX4:OR4C11	1	NA
ZFHX4:C2CD3	1	NA
ZFHX4:PDGFD	1	NA
CNBD1:CNBD1	1	NA
CNBD1:NBN	1	NA
CNBD1:CSMD3	1	NA
CNBD1:MED30	1	NA
CNBD1:MYC	1	NA
CNBD1:BNC2	1	NA
CNBD1:ASTN2	1	NA
CNBD1:SETX	1	NA
CNBD1:CUBN	1	NA
CNBD1:RET	1	NA
CNBD1:PCDH15	1	NA
CNBD1:HERC4	1	NA
CNBD1:POLR3A	1	NA
CNBD1:GRID1	1	NA
CNBD1:CPXM2	1	NA
CNBD1:OR52N1	1	NA
CNBD1:ZNF215	1	NA
CNBD1:OR4C11	1	NA
CNBD1:C2CD3	1	NA
CNBD1:PDGFD	1	NA
NBN:NBN	1	NA
NBN:CSMD3	1	NA
NBN:MED30	1	NA
NBN:MYC	1	NA
NBN:BNC2	1	NA
NBN:ASTN2	1	NA
NBN:SETX	1	NA
NBN:CUBN	1	NA
NBN:RET	1	NA
NBN:PCDH15	1	NA
NBN:HERC4	1	NA
NBN:POLR3A	1	NA
NBN:GRID1	1	NA
NBN:CPXM2	1	NA
NBN:OR52N1	1	NA
NBN:ZNF215	1	NA
NBN:OR4C11	1	NA
NBN:C2CD3	1	NA
NBN:PDGFD	1	NA
CSMD3:CSMD3	1	NA
CSMD3:MED30	1	NA
CSMD3:MYC	1	NA
CSMD3:BNC2	1	NA
CSMD3:ASTN2	1	NA
CSMD3:SETX	1	NA
CSMD3:CUBN	1	NA
CSMD3:RET	1	NA
CSMD3:PCDH15	1	NA
CSMD3:HERC4	1	NA
CSMD3:POLR3A	1	NA
CSMD3:GRID1	1	NA
CSMD3:CPXM2	1	NA
CSMD3:OR52N1	1	NA
CSMD3:ZNF215	1	NA
CSMD3:OR4C11	1	NA
CSMD3:C2CD3	1	NA
CSMD3:PDGFD	1	NA
MED30:MED30	1	NA
MED30:MYC	1	NA
MED30:BNC2	1	NA
MED30:ASTN2	1	NA
MED30:SETX	1	NA
MED30:CUBN	1	NA
MED30:RET	1	NA
MED30:PCDH15	1	NA
MED30:HERC4	1	NA
MED30:POLR3A	1	NA
MED30:GRID1	1	NA
MED30:CPXM2	1	NA
MED30:OR52N1	1	NA
MED30:ZNF215	1	NA
MED30:OR4C11	1	NA
MED30:C2CD3	1	NA
MED30:PDGFD	1	NA
MYC:MYC	1	NA
MYC:BNC2	1	NA
MYC:ASTN2	1	NA
MYC:SETX	1	NA
MYC:CUBN	1	NA
MYC:RET	1	NA
MYC:PCDH15	1	NA
MYC:HERC4	1	NA
MYC:POLR3A	1	NA
MYC:GRID1	1	NA
MYC:CPXM2	1	NA
MYC:OR52N1	1	NA
MYC:ZNF215	1	NA
MYC:OR4C11	1	NA
MYC:C2CD3	1	NA
MYC:PDGFD	1	NA
BNC2:BNC2	1	NA
BNC2:ASTN2	1	NA
BNC2:SETX	1	NA
BNC2:CUBN	1	NA
BNC2:RET	1	NA
BNC2:PCDH15	1	NA
BNC2:HERC4	1	NA
BNC2:POLR3A	1	NA
BNC2:GRID1	1	NA
BNC2:CPXM2	1	NA
BNC2:OR52N1	1	NA
BNC2:ZNF215	1	NA
BNC2:OR4C11	1	NA
BNC2:C2CD3	1	NA
BNC2:PDGFD	1	NA
ASTN2:ASTN2	1	NA
ASTN2:SETX	1	NA
ASTN2:CUBN	1	NA
ASTN2:RET	1	NA
ASTN2:PCDH15	1	NA
ASTN2:HERC4	1	NA
ASTN2:POLR3A	1	NA
ASTN2:GRID1	1	NA
ASTN2:CPXM2	1	NA
ASTN2:OR52N1	1	NA
ASTN2:ZNF215	1	NA
ASTN2:OR4C11	1	NA
ASTN2:C2CD3	1	NA
ASTN2:PDGFD	1	NA
SETX:SETX	1	NA
SETX:CUBN	1	NA
SETX:RET	1	NA
SETX:PCDH15	1	NA
SETX:HERC4	1	NA
SETX:POLR3A	1	NA
SETX:GRID1	1	NA
SETX:CPXM2	1	NA
SETX:OR52N1	1	NA
SETX:ZNF215	1	NA
SETX:OR4C11	1	NA
SETX:C2CD3	1	NA
SETX:PDGFD	1	NA
CUBN:CUBN	1	NA
CUBN:RET	1	NA
CUBN:PCDH15	1	NA
CUBN:HERC4	1	NA
CUBN:POLR3A	1	NA
CUBN:GRID1	1	NA
CUBN:CPXM2	1	NA
CUBN:OR52N1	1	NA
CUBN:ZNF215	1	NA
CUBN:OR4C11	1	NA
CUBN:C2CD3	1	NA
CUBN:PDGFD	1	NA
RET:RET	1	NA
RET:PCDH15	1	NA
RET:HERC4	1	NA
RET:POLR3A	1	NA
RET:GRID1	1	NA
RET:CPXM2	1	NA
RET:OR52N1	1	NA
RET:ZNF215	1	NA
RET:OR4C11	1	NA
RET:C2CD3	1	NA
RET:PDGFD	1	NA
PCDH15:PCDH15	1	NA
PCDH15:HERC4	1	NA
PCDH15:POLR3A	1	NA
PCDH15:GRID1	1	NA
PCDH15:CPXM2	1	NA
PCDH15:OR52N1	1	NA
PCDH15:ZNF215	1	NA
PCDH15:OR4C11	1	NA
PCDH15:C2CD3	1	NA
PCDH15:PDGFD	1	NA
HERC4:HERC4	1	NA
HERC4:POLR3A	1	NA
HERC4:GRID1	1	NA
HERC4:CPXM2	1	NA
HERC4:OR52N1	1	NA
HERC4:ZNF215	1	NA
HERC4:OR4C11	1	NA
HERC4:C2CD3	1	NA
HERC4:PDGFD	1	NA
POLR3A:POLR3A	1	NA
POLR3A:GRID1	1	NA
POLR3A:CPXM2	1	NA
POLR3A:OR52N1	1	NA
POLR3A:ZNF215	1	NA
POLR3A:OR4C11	1	NA
POLR3A:C2CD3	1	NA
POLR3A:PDGFD	1	NA
GRID1:GRID1	1	NA
GRID1:CPXM2	1	NA
GRID1:OR52N1	1	NA
GRID1:ZNF215	1	NA
GRID1:OR4C11	1	NA
GRID1:C2CD3	1	NA
GRID1:PDGFD	1	NA
CPXM2:CPXM2	1	NA
CPXM2:OR52N1	1	NA
CPXM2:ZNF215	1	NA
CPXM2:OR4C11	1	NA
CPXM2:C2CD3	1	NA
CPXM2:PDGFD	1	NA
OR52N1:OR52N1	1	NA
OR52N1:ZNF215	1	NA
OR52N1:OR4C11	1	NA
OR52N1:C2CD3	1	NA
OR52N1:PDGFD	1	NA
ZNF215:ZNF215	1	NA
ZNF215:OR4C11	1	NA
ZNF215:C2CD3	1	NA
ZNF215:PDGFD	1	NA
OR4C11:OR4C11	1	NA
OR4C11:C2CD3	1	NA
OR4C11:PDGFD	1	NA
C2CD3:C2CD3	1	NA
C2CD3:PDGFD	1	NA
