Name_new	AS seq. 5'-3'	Target_Start	Target_End	Target seq. 5'-3'	Mismatch type	1mis	2mis	3mis
R8185001	UGCUCCUCCAGCUUGUUCCCC				>3mis			
R8185002	AAGAGCUCUCGGUAGGAGCGG	775	795	CCGCTCCTACCGGGAGCTCTT	AS,9	9_U_787_G		
R8185003	AAGAACUCGAAGAGCUCUCGG	784	804	CCGGGAGCTCTTCCAGTTCTT	AS,18,8	18_U_787_G	8_C_797_C	
R8185004	AUUGCCAGUACAUCAUGCCAA	903	923	TCGGCATGATGTACTGGCAGT	AS,20,2	20_A_904_C	2_U_922_G	
R8185005	AAUUGCCAGUACAUCAUGCCA	904	924	CGGCATGATGTACTGGCAGTT	AS,21,3	21_A_904_C	3_U_922_G	
R8185006	CGAAAAGCAGGCCGAAUUGCC				>3mis			
R8185007	UGAAGUACUCUCCGAAAAGCA				>3mis			
R8185008	UUGAUGUUGAGGCUGACGGGG	955	975	CCCCGTGAGTCTCAACATCAA	AS,15,12	15_G_961_G	12_G_964_T	
R8185009	UUGAGGUUGAUGUUGAGGCUG	961	981	GAGTCTCAACATCAACCTCAA	AS,21,18	21_G_961_G	18_G_964_T	
R8185010	AGUUGAGGUUGAUGUUGAGGC	963	983	GTCTCAACATCAACCTCAATT	AS,20,2	20_G_964_T	2_G_982_T	
R8185011	UACCUGUAGGGAUUGAGGGUG				>3mis			
R8185012	AGCUCCUCUUUAAUUUCCGGG	1039	1059	CACTGAAATTAAAGAGGATCT	AS,20,18,3	20_G_1040_A	18_C_1042_T	3_C_1057_T
R8185013	UUGUACAGGUCAAAGAGCGUC	1087	1107	GACGCTTTTTGACCTGTACAA	AS,15	15_G_1093_T		
R8185014	UUUGUACAGGUCAAAGAGCGU	1088	1108	ACGCTTTTTGACCTGTACAAA	AS,16	16_G_1093_T		
R8185015	AUUUGUACAGGUCAAAGAGCG	1089	1109	CGCTTTTTGACCTGTACAAAT	AS,17	17_G_1093_T		
R8185016	AUGUCUGGUAGAAGCAGUCCG	1326	1346	CAGACTGCTTCTACCAGACAT	AS,20	20_C_1327_A		
R8185017	UGAUGAGUAUGUCUGGUAGAA	1334	1354	TTCTACCAGACATACTCATCC	AS,1	1_U_1354_C		
R8185018	AUGUAGUGGAAGCGGUACCAC	1375	1395	ATGGTACCGCTTCCATTACAT	AS,21,6	21_C_1375_A	6_G_1390_T	
R8185019	ACAGGAUGUUGAUGUAGUGGA	1386	1406	TCCATTACATCAACATTCTGT	AS,17,5	17_G_1390_T	5_G_1402_T	
R8185020	UAAUUCGCCUGGUUGCAGGAG	1486	1506	CCCCTGCAATCAGGCGAATTA	AS,20,12	20_A_1487_C	12_G_1495_T	
R8185021	AGUGAGAGUAAUUCGCCUGGU	1494	1514	ATCAGGCGAATTATTCTCAGT	AS,20,8,2	20_G_1495_T	8_G_1507_T	2_G_1513_G
R8185022	AGUAUAGCAGUUUCCAUACAU	1526	1546	ATGTATGGGAACTGCTACACT	AS,13,4	13_U_1534_G	4_A_1543_C	
R8185023	UGAAAGUAUAGCAGUUUCCAU	1530	1550	ATGGGAACTGCTACACTTTCA	AS,17,8	17_U_1534_G	8_A_1543_C	
R8185024	UUGAAAGUAUAGCAGUUUCCA	1531	1551	TGGGAACTGCTACACTTTCAA	AS,18,9	18_U_1534_G	9_A_1543_C	
R8185025	UUGUCAUUGAAAGUAUAGCAG	1537	1557	CTGCTACACTTTCAACAACAA	AS,15,6,5	15_A_1543_C	6_A_1552_C	5_C_1553_A
R8185026	UUGUUCUUGUCAUUGAAAGUA	1543	1563	CACTTTCAACAACAAGAACAA	AS,21,12,11	21_A_1543_C	12_A_1552_C	11_C_1553_A
R8185027	AUGAAGUCAUUCUGCUCUGCG	1624	1644	CACAGAGCAGAATGACTTCAT	AS,20	20_C_1625_A		
R8185028	UGCCCGUGCACCAUUACCCGG	1672	1692	CAGGGTGATGGTGCACGGTCA	AS,20,15,3	20_G_1673_A	15_U_1678_G	3_C_1690_T
R8185029	CUUUGAAGGGUAAAGGUUCUC	1835	1855	AAGAACCTTTACCCCTCCAAG	AS,21,7,4	21_C_1835_A	7_A_1849_C	4_U_1852_C
R8185030	UACUUUGAAGGGUAAAGGUUC	1837	1857	GAACCTTTACCCCTCCAAGTA	AS,9,6	9_A_1849_C	6_U_1852_C	
R8185031	UGUACUUUGAAGGGUAAAGGU	1839	1859	ACCTTTACCCCTCCAAGTACA	AS,11,8	11_A_1849_C	8_U_1852_C	
R8185032	UAGAAGAUGUAGGCACAGCCA	1912	1932	TGGCTGTGCCTACATCTTCTA	All-match			
R8185033	UCCAUUUCUCUUGUUGUUGAC	2165	2185	ATCAACAACAAAAGAAACGGA	AS,21,10,4	21_C_2165_A	10_C_2176_A	4_A_2182_C
R8185034	UUUGGCCACUCCAUUUCUCUU				>3mis			
R8185035	AAGAAGAUGUUGACUUUGGCC	2188	2208	TGCTAAACTCAACATCTTCTT	AS,21,18,14	21_C_2188_T	18_G_2191_T	14_C_2195_C
R8185036	AAUUGGUUUUGUAGUUCAGCU	2214	2234	AGCTGAACTATAAAACTAATT	AS,11,5	11_G_2224_T	5_G_2230_T	
R8185037	AGAAUUGGUUUUGUAGUUCAG	2216	2236	CTGAACTATAAAACTAATTCG	AS,13,7,1	13_G_2224_T	7_G_2230_T	1_A_2236_G
R8185038	CUCAGAAUUGGUUUUGUAGUU				>3mis			
R8185039	AUCGGCUUCGGAACCUUCGGA				>3mis			
R8185040	UAUCGGCUUCGGAACCUUCGG				>3mis			
R8185041	UUCAGAGGCAGUACCAAGGGG				>3mis			
R8185042	UCCUUGUCAAAGCUCCAAGUU	2880	2900	GACTTGGAGCTTTGACAAGGA	AS,21	21_U_2880_G		
R8185043	UAAUGGUGUCUGAGCAGGGUU				>3mis			
R8185044	AUGUUAUAGUGUGCUACGGGA				>3mis			
R8185045	AGCAGAUGUUAUAGUGUGCUA				>3mis			
R8185046	UGGUGCAACAGCAACACUCCA				>3mis			
R8185047	UAUGGUGCAACAGCAACACUC				>3mis			
R8185048	UGCAACAAACAUUUAUUGAGC	3474	3494	ACTCAATAAATGCTTGTTCCA	AS,21,9,3	21_C_3474_A	9_A_3486_C	3_C_3492_C
