Name	revCseq	length	ASseq
R8185001	GGGGAACAAGCTGGAGGAGCA	21	UGCUCCUCCAGCUUGUUCCCC
R8185002	CCGCTCCTACCGAGAGCTCTT	21	AAGAGCUCUCGGUAGGAGCGG
R8185003	CCGAGAGCTCTTCGAGTTCTT	21	AAGAACUCGAAGAGCUCUCGG
R8185004	TTGGCATGATGTACTGGCAAT	21	AUUGCCAGUACAUCAUGCCAA
R8185005	TGGCATGATGTACTGGCAATT	21	AAUUGCCAGUACAUCAUGCCA
R8185006	GGCAATTCGGCCTGCTTTTCG	21	CGAAAAGCAGGCCGAAUUGCC
R8185007	TGCTTTTCGGAGAGTACTTCA	21	UGAAGUACUCUCCGAAAAGCA
R8185008	CCCCGTCAGCCTCAACATCAA	21	UUGAUGUUGAGGCUGACGGGG
R8185009	CAGCCTCAACATCAACCTCAA	21	UUGAGGUUGAUGUUGAGGCUG
R8185010	GCCTCAACATCAACCTCAACT	21	AGUUGAGGUUGAUGUUGAGGC
R8185011	CACCCTCAATCCCTACAGGTA	21	UACCUGUAGGGAUUGAGGGUG
R8185012	CCCGGAAATTAAAGAGGAGCT	21	AGCUCCUCUUUAAUUUCCGGG
R8185013	GACGCTCTTTGACCTGTACAA	21	UUGUACAGGUCAAAGAGCGUC
R8185014	ACGCTCTTTGACCTGTACAAA	21	UUUGUACAGGUCAAAGAGCGU
R8185015	CGCTCTTTGACCTGTACAAAT	21	AUUUGUACAGGUCAAAGAGCG
R8185016	CGGACTGCTTCTACCAGACAT	21	AUGUCUGGUAGAAGCAGUCCG
R8185017	TTCTACCAGACATACTCATCA	21	UGAUGAGUAUGUCUGGUAGAA
R8185018	GTGGTACCGCTTCCACTACAT	21	AUGUAGUGGAAGCGGUACCAC
R8185019	TCCACTACATCAACATCCTGT	21	ACAGGAUGUUGAUGUAGUGGA
R8185020	CTCCTGCAACCAGGCGAATTA	21	UAAUUCGCCUGGUUGCAGGAG
R8185021	ACCAGGCGAATTACTCTCACT	21	AGUGAGAGUAAUUCGCCUGGU
R8185022	ATGTATGGAAACTGCTATACT	21	AGUAUAGCAGUUUCCAUACAU
R8185023	ATGGAAACTGCTATACTTTCA	21	UGAAAGUAUAGCAGUUUCCAU
R8185024	TGGAAACTGCTATACTTTCAA	21	UUGAAAGUAUAGCAGUUUCCA
R8185025	CTGCTATACTTTCAATGACAA	21	UUGUCAUUGAAAGUAUAGCAG
R8185026	TACTTTCAATGACAAGAACAA	21	UUGUUCUUGUCAUUGAAAGUA
R8185027	CGCAGAGCAGAATGACTTCAT	21	AUGAAGUCAUUCUGCUCUGCG
R8185028	CCGGGTAATGGTGCACGGGCA	21	UGCCCGUGCACCAUUACCCGG
R8185029	GAGAACCTTTACCCTTCAAAG	21	CUUUGAAGGGUAAAGGUUCUC
R8185030	GAACCTTTACCCTTCAAAGTA	21	UACUUUGAAGGGUAAAGGUUC
R8185031	ACCTTTACCCTTCAAAGTACA	21	UGUACUUUGAAGGGUAAAGGU
R8185032	TGGCTGTGCCTACATCTTCTA	21	UAGAAGAUGUAGGCACAGCCA
R8185033	GTCAACAACAAGAGAAATGGA	21	UCCAUUUCUCUUGUUGUUGAC
R8185034	AAGAGAAATGGAGTGGCCAAA	21	UUUGGCCACUCCAUUUCUCUU
R8185035	GGCCAAAGTCAACATCTTCTT	21	AAGAAGAUGUUGACUUUGGCC
R8185036	AGCTGAACTACAAAACCAATT	21	AAUUGGUUUUGUAGUUCAGCU
R8185037	CTGAACTACAAAACCAATTCT	21	AGAAUUGGUUUUGUAGUUCAG
R8185038	AACTACAAAACCAATTCTGAG	21	CUCAGAAUUGGUUUUGUAGUU
R8185039	TCCGAAGGTTCCGAAGCCGAT	21	AUCGGCUUCGGAACCUUCGGA
R8185040	CCGAAGGTTCCGAAGCCGATA	21	UAUCGGCUUCGGAACCUUCGG
R8185041	CCCCTTGGTACTGCCTCTGAA	21	UUCAGAGGCAGUACCAAGGGG
R8185042	AACTTGGAGCTTTGACAAGGA	21	UCCUUGUCAAAGCUCCAAGUU
R8185043	AACCCTGCTCAGACACCATTA	21	UAAUGGUGUCUGAGCAGGGUU
R8185044	TCCCGTAGCACACTATAACAT	21	AUGUUAUAGUGUGCUACGGGA
R8185045	TAGCACACTATAACATCTGCT	21	AGCAGAUGUUAUAGUGUGCUA
R8185046	TGGAGTGTTGCTGTTGCACCA	21	UGGUGCAACAGCAACACUCCA
R8185047	GAGTGTTGCTGTTGCACCATA	21	UAUGGUGCAACAGCAACACUC
R8185048	GCTCAATAAATGTTTGTTGCA	21	UGCAACAAACAUUUAUUGAGC
