Name	AS seq. 5'-3'
R8185001	UGCUCCUCCAGCUUGUUCCCC
R8185002	AAGAGCUCUCGGUAGGAGCGG
R8185003	AAGAACUCGAAGAGCUCUCGG
R8185004	AUUGCCAGUACAUCAUGCCAA
R8185005	AAUUGCCAGUACAUCAUGCCA
R8185006	CGAAAAGCAGGCCGAAUUGCC
R8185007	UGAAGUACUCUCCGAAAAGCA
R8185008	UUGAUGUUGAGGCUGACGGGG
R8185009	UUGAGGUUGAUGUUGAGGCUG
R8185010	AGUUGAGGUUGAUGUUGAGGC
R8185011	UACCUGUAGGGAUUGAGGGUG
R8185012	AGCUCCUCUUUAAUUUCCGGG
R8185013	UUGUACAGGUCAAAGAGCGUC
R8185014	UUUGUACAGGUCAAAGAGCGU
R8185015	AUUUGUACAGGUCAAAGAGCG
R8185016	AUGUCUGGUAGAAGCAGUCCG
R8185017	UGAUGAGUAUGUCUGGUAGAA
R8185018	AUGUAGUGGAAGCGGUACCAC
R8185019	ACAGGAUGUUGAUGUAGUGGA
R8185020	UAAUUCGCCUGGUUGCAGGAG
R8185021	AGUGAGAGUAAUUCGCCUGGU
R8185022	AGUAUAGCAGUUUCCAUACAU
R8185023	UGAAAGUAUAGCAGUUUCCAU
R8185024	UUGAAAGUAUAGCAGUUUCCA
R8185025	UUGUCAUUGAAAGUAUAGCAG
R8185026	UUGUUCUUGUCAUUGAAAGUA
R8185027	AUGAAGUCAUUCUGCUCUGCG
R8185028	UGCCCGUGCACCAUUACCCGG
R8185029	CUUUGAAGGGUAAAGGUUCUC
R8185030	UACUUUGAAGGGUAAAGGUUC
R8185031	UGUACUUUGAAGGGUAAAGGU
R8185032	UAGAAGAUGUAGGCACAGCCA
R8185033	UCCAUUUCUCUUGUUGUUGAC
R8185034	UUUGGCCACUCCAUUUCUCUU
R8185035	AAGAAGAUGUUGACUUUGGCC
R8185036	AAUUGGUUUUGUAGUUCAGCU
R8185037	AGAAUUGGUUUUGUAGUUCAG
R8185038	CUCAGAAUUGGUUUUGUAGUU
R8185039	AUCGGCUUCGGAACCUUCGGA
R8185040	UAUCGGCUUCGGAACCUUCGG
R8185041	UUCAGAGGCAGUACCAAGGGG
R8185042	UCCUUGUCAAAGCUCCAAGUU
R8185043	UAAUGGUGUCUGAGCAGGGUU
R8185044	AUGUUAUAGUGUGCUACGGGA
R8185045	AGCAGAUGUUAUAGUGUGCUA
R8185046	UGGUGCAACAGCAACACUCCA
R8185047	UAUGGUGCAACAGCAACACUC
R8185048	UGCAACAAACAUUUAUUGAGC
